0 verbose cli /usr/bin/node /usr/bin/npm
1 info using npm@10.8.2
2 info using node@v20.20.2
3 silly config load:file:/usr/lib/node_modules/npm/npmrc
4 silly config load:file:/home/user/.npmrc
5 silly config load:file:/usr/etc/npmrc
6 verbose title npm install
7 verbose argv "install"
8 verbose logfile logs-max:10 dir:/home/user/.npm/_logs/2026-09-21T14_25_32_970Z-
9 verbose logfile /home/user/.npm/_logs/2026-09-21T14_25_32_970Z-debug-0.log
10 silly packumentCache heap:998768640 maxSize:249692160 maxEntrySize:124846080
11 silly logfile done cleaning log files
12 silly idealTree buildDeps
13 silly fetch manifest next@14.2.5
14 silly packumentCache full:https://registry.npmjs.org/next cache-miss
15 http fetch GET 200 https://registry.npmjs.org/npm 473ms
16 http fetch GET 200 https://registry.npmjs.org/next 2134ms (cache miss)
17 silly packumentCache full:https://registry.npmjs.org/next set size:undefined disposed:false
18 silly fetch manifest @opentelemetry/api@^1.1.0
19 silly packumentCache full:https://registry.npmjs.org/@opentelemetry%2fapi cache-miss
20 http fetch GET 200 https://registry.npmjs.org/@opentelemetry%2fapi 131ms (cache miss)
21 silly packumentCache full:https://registry.npmjs.org/@opentelemetry%2fapi set size:undefined disposed:false
22 silly fetch manifest @playwright/test@^1.41.2
23 silly packumentCache full:https://registry.npmjs.org/@playwright%2ftest cache-miss
24 http fetch GET 200 https://registry.npmjs.org/@playwright%2ftest 1699ms (cache miss)
25 silly packumentCache full:https://registry.npmjs.org/@playwright%2ftest set size:undefined disposed:false
26 silly fetch manifest react@18.3.1
27 silly packumentCache full:https://registry.npmjs.org/react cache-miss
28 http fetch GET 200 https://registry.npmjs.org/react 1413ms (cache miss)
29 silly packumentCache full:https://registry.npmjs.org/react set size:undefined disposed:false
30 silly fetch manifest react-dom@18.3.1
31 silly packumentCache full:https://registry.npmjs.org/react-dom cache-miss
32 http fetch GET 200 https://registry.npmjs.org/react-dom 370ms (cache miss)
33 silly packumentCache full:https://registry.npmjs.org/react-dom set size:undefined disposed:false
34 silly fetch manifest sass@^1.3.0
35 silly packumentCache full:https://registry.npmjs.org/sass cache-miss
36 http fetch GET 200 https://registry.npmjs.org/sass 101ms (cache miss)
37 silly packumentCache full:https://registry.npmjs.org/sass set size:undefined disposed:false
38 silly fetch manifest @types/node@20.11.30
39 silly packumentCache full:https://registry.npmjs.org/@types%2fnode cache-miss
40 http fetch GET 200 https://registry.npmjs.org/@types%2fnode 304ms (cache miss)
41 silly packumentCache full:https://registry.npmjs.org/@types%2fnode set size:undefined disposed:false
42 silly fetch manifest @types/react@18.3.3
43 silly packumentCache full:https://registry.npmjs.org/@types%2freact cache-miss
44 http fetch GET 200 https://registry.npmjs.org/@types%2freact 118ms (cache miss)
45 silly packumentCache full:https://registry.npmjs.org/@types%2freact set size:undefined disposed:false
46 silly fetch manifest @types/react-dom@18.3.0
47 silly packumentCache full:https://registry.npmjs.org/@types%2freact-dom cache-miss
48 http fetch GET 200 https://registry.npmjs.org/@types%2freact-dom 67ms (cache miss)
49 silly packumentCache full:https://registry.npmjs.org/@types%2freact-dom set size:undefined disposed:false
50 silly fetch manifest autoprefixer@10.4.19
51 silly packumentCache full:https://registry.npmjs.org/autoprefixer cache-miss
52 http fetch GET 200 https://registry.npmjs.org/autoprefixer 74ms (cache miss)
53 silly packumentCache full:https://registry.npmjs.org/autoprefixer set size:undefined disposed:false
54 silly fetch manifest postcss@8.4.38
55 silly packumentCache full:https://registry.npmjs.org/postcss cache-miss
56 http fetch GET 200 https://registry.npmjs.org/postcss 78ms (cache miss)
57 silly packumentCache full:https://registry.npmjs.org/postcss set size:undefined disposed:false
58 silly fetch manifest tailwindcss@3.4.3
59 silly packumentCache full:https://registry.npmjs.org/tailwindcss cache-miss
60 http fetch GET 200 https://registry.npmjs.org/tailwindcss 245ms (cache miss)
61 silly packumentCache full:https://registry.npmjs.org/tailwindcss set size:undefined disposed:false
62 silly fetch manifest typescript@5.4.5
63 silly packumentCache full:https://registry.npmjs.org/typescript cache-miss
64 http fetch GET 200 https://registry.npmjs.org/typescript 376ms (cache miss)
65 silly packumentCache full:https://registry.npmjs.org/typescript set size:undefined disposed:false
66 silly placeDep ROOT @types/node@20.11.30 OK for: for-meitcy@1.0.0 want: 20.11.30
67 silly placeDep ROOT @types/react@18.3.3 OK for: for-meitcy@1.0.0 want: 18.3.3
68 silly placeDep ROOT @types/react-dom@18.3.0 OK for: for-meitcy@1.0.0 want: 18.3.0
69 silly placeDep ROOT autoprefixer@10.4.19 OK for: for-meitcy@1.0.0 want: 10.4.19
70 silly placeDep ROOT postcss@8.4.38 OK for: autoprefixer@10.4.19 want: ^8.1.0
71 silly placeDep ROOT next@14.2.5 OK for: for-meitcy@1.0.0 want: 14.2.5
72 silly placeDep ROOT react@18.3.1 OK for: next@14.2.5 want: ^18.2.0
73 silly placeDep ROOT react-dom@18.3.1 OK for: next@14.2.5 want: ^18.2.0
74 silly placeDep ROOT tailwindcss@3.4.3 OK for: for-meitcy@1.0.0 want: 3.4.3
75 silly placeDep ROOT typescript@5.4.5 OK for: for-meitcy@1.0.0 want: 5.4.5
76 silly fetch manifest undici-types@~5.26.4
77 silly packumentCache full:https://registry.npmjs.org/undici-types cache-miss
78 http fetch GET 200 https://registry.npmjs.org/undici-types 45ms (cache miss)
79 silly packumentCache full:https://registry.npmjs.org/undici-types set size:undefined disposed:false
80 silly fetch manifest csstype@^3.0.2
81 silly packumentCache full:https://registry.npmjs.org/csstype cache-miss
82 http fetch GET 200 https://registry.npmjs.org/csstype 46ms (cache miss)
83 silly packumentCache full:https://registry.npmjs.org/csstype set size:undefined disposed:false
84 silly fetch manifest @types/prop-types@*
85 silly packumentCache full:https://registry.npmjs.org/@types%2fprop-types cache-miss
86 http fetch GET 200 https://registry.npmjs.org/@types%2fprop-types 45ms (cache miss)
87 silly packumentCache full:https://registry.npmjs.org/@types%2fprop-types set size:undefined disposed:false
88 silly fetch manifest picocolors@^1.0.0
89 silly packumentCache full:https://registry.npmjs.org/picocolors cache-miss
90 http fetch GET 200 https://registry.npmjs.org/picocolors 32ms (cache miss)
91 silly packumentCache full:https://registry.npmjs.org/picocolors set size:undefined disposed:false
92 silly fetch manifest fraction.js@^4.3.7
93 silly packumentCache full:https://registry.npmjs.org/fraction.js cache-miss
94 http fetch GET 200 https://registry.npmjs.org/fraction.js 34ms (cache miss)
95 silly packumentCache full:https://registry.npmjs.org/fraction.js set size:undefined disposed:false
96 silly fetch manifest browserslist@^4.23.0
97 silly packumentCache full:https://registry.npmjs.org/browserslist cache-miss
98 http fetch GET 200 https://registry.npmjs.org/browserslist 55ms (cache miss)
99 silly packumentCache full:https://registry.npmjs.org/browserslist set size:undefined disposed:false
100 silly fetch manifest caniuse-lite@^1.0.30001599
101 silly packumentCache full:https://registry.npmjs.org/caniuse-lite cache-miss
102 http fetch GET 200 https://registry.npmjs.org/caniuse-lite 106ms (cache miss)
103 silly packumentCache full:https://registry.npmjs.org/caniuse-lite set size:undefined disposed:false
104 silly fetch manifest normalize-range@^0.1.2
105 silly packumentCache full:https://registry.npmjs.org/normalize-range cache-miss
106 http fetch GET 200 https://registry.npmjs.org/normalize-range 36ms (cache miss)
107 silly packumentCache full:https://registry.npmjs.org/normalize-range set size:undefined disposed:false
108 silly fetch manifest postcss-value-parser@^4.2.0
109 silly packumentCache full:https://registry.npmjs.org/postcss-value-parser cache-miss
110 http fetch GET 200 https://registry.npmjs.org/postcss-value-parser 33ms (cache miss)
111 silly packumentCache full:https://registry.npmjs.org/postcss-value-parser set size:undefined disposed:false
112 silly fetch manifest nanoid@^3.3.7
113 silly packumentCache full:https://registry.npmjs.org/nanoid cache-miss
114 http fetch GET 200 https://registry.npmjs.org/nanoid 57ms (cache miss)
115 silly packumentCache full:https://registry.npmjs.org/nanoid set size:undefined disposed:false
116 silly fetch manifest source-map-js@^1.2.0
117 silly packumentCache full:https://registry.npmjs.org/source-map-js cache-miss
118 http fetch GET 200 https://registry.npmjs.org/source-map-js 37ms (cache miss)
119 silly packumentCache full:https://registry.npmjs.org/source-map-js set size:undefined disposed:false
120 silly fetch manifest busboy@1.6.0
121 silly packumentCache full:https://registry.npmjs.org/busboy cache-miss
122 http fetch GET 200 https://registry.npmjs.org/busboy 40ms (cache miss)
123 silly packumentCache full:https://registry.npmjs.org/busboy set size:undefined disposed:false
124 silly fetch manifest postcss@8.4.31
125 silly packumentCache full:https://registry.npmjs.org/postcss cache-miss
126 http fetch GET 200 https://registry.npmjs.org/postcss 10ms (cache hit)
127 silly packumentCache full:https://registry.npmjs.org/postcss set size:766699 disposed:false
128 silly fetch manifest @next/env@14.2.5
129 silly packumentCache full:https://registry.npmjs.org/@next%2fenv cache-miss
130 http fetch GET 200 https://registry.npmjs.org/@next%2fenv 239ms (cache miss)
131 silly packumentCache full:https://registry.npmjs.org/@next%2fenv set size:undefined disposed:false
132 silly fetch manifest styled-jsx@5.1.1
133 silly packumentCache full:https://registry.npmjs.org/styled-jsx cache-miss
134 http fetch GET 200 https://registry.npmjs.org/styled-jsx 69ms (cache miss)
135 silly packumentCache full:https://registry.npmjs.org/styled-jsx set size:undefined disposed:false
136 silly fetch manifest graceful-fs@^4.2.11
137 silly packumentCache full:https://registry.npmjs.org/graceful-fs cache-miss
138 http fetch GET 200 https://registry.npmjs.org/graceful-fs 38ms (cache miss)
139 silly packumentCache full:https://registry.npmjs.org/graceful-fs set size:undefined disposed:false
140 silly fetch manifest @swc/helpers@0.5.5
141 silly packumentCache full:https://registry.npmjs.org/@swc%2fhelpers cache-miss
142 http fetch GET 200 https://registry.npmjs.org/@swc%2fhelpers 81ms (cache miss)
143 silly packumentCache full:https://registry.npmjs.org/@swc%2fhelpers set size:undefined disposed:false
144 silly fetch manifest caniuse-lite@^1.0.30001579
145 silly packumentCache full:https://registry.npmjs.org/caniuse-lite cache-miss
146 http fetch GET 200 https://registry.npmjs.org/caniuse-lite 12ms (cache hit)
147 silly packumentCache full:https://registry.npmjs.org/caniuse-lite set size:2313344 disposed:false
148 silly fetch manifest @next/swc-darwin-x64@14.2.5
149 silly packumentCache full:https://registry.npmjs.org/@next%2fswc-darwin-x64 cache-miss
150 http fetch GET 200 https://registry.npmjs.org/@next%2fswc-darwin-x64 1398ms (cache miss)
151 silly packumentCache full:https://registry.npmjs.org/@next%2fswc-darwin-x64 set size:undefined disposed:false
152 silly fetch manifest @next/swc-darwin-arm64@14.2.5
153 silly packumentCache full:https://registry.npmjs.org/@next%2fswc-darwin-arm64 cache-miss
154 http fetch GET 200 https://registry.npmjs.org/@next%2fswc-darwin-arm64 937ms (cache miss)
155 silly packumentCache full:https://registry.npmjs.org/@next%2fswc-darwin-arm64 set size:undefined disposed:false
156 silly fetch manifest @next/swc-linux-x64-gnu@14.2.5
157 silly packumentCache full:https://registry.npmjs.org/@next%2fswc-linux-x64-gnu cache-miss
158 http fetch GET 200 https://registry.npmjs.org/@next%2fswc-linux-x64-gnu 1302ms (cache miss)
159 silly packumentCache full:https://registry.npmjs.org/@next%2fswc-linux-x64-gnu set size:undefined disposed:false
160 silly fetch manifest @next/swc-linux-x64-musl@14.2.5
161 silly packumentCache full:https://registry.npmjs.org/@next%2fswc-linux-x64-musl cache-miss
162 http fetch GET 200 https://registry.npmjs.org/@next%2fswc-linux-x64-musl 1070ms (cache miss)
163 silly packumentCache full:https://registry.npmjs.org/@next%2fswc-linux-x64-musl set size:undefined disposed:false
164 silly fetch manifest @next/swc-win32-x64-msvc@14.2.5
165 silly packumentCache full:https://registry.npmjs.org/@next%2fswc-win32-x64-msvc cache-miss
166 http fetch GET 200 https://registry.npmjs.org/@next%2fswc-win32-x64-msvc 1402ms (cache miss)
167 silly packumentCache full:https://registry.npmjs.org/@next%2fswc-win32-x64-msvc set size:undefined disposed:false
168 silly fetch manifest @next/swc-linux-arm64-gnu@14.2.5
169 silly packumentCache full:https://registry.npmjs.org/@next%2fswc-linux-arm64-gnu cache-miss
170 http fetch GET 200 https://registry.npmjs.org/@next%2fswc-linux-arm64-gnu 1139ms (cache miss)
171 silly packumentCache full:https://registry.npmjs.org/@next%2fswc-linux-arm64-gnu set size:undefined disposed:false
172 silly fetch manifest @next/swc-win32-ia32-msvc@14.2.5
173 silly packumentCache full:https://registry.npmjs.org/@next%2fswc-win32-ia32-msvc cache-miss
174 http fetch GET 200 https://registry.npmjs.org/@next%2fswc-win32-ia32-msvc 959ms (cache miss)
175 silly packumentCache full:https://registry.npmjs.org/@next%2fswc-win32-ia32-msvc set size:undefined disposed:false
176 silly fetch manifest @next/swc-linux-arm64-musl@14.2.5
177 silly packumentCache full:https://registry.npmjs.org/@next%2fswc-linux-arm64-musl cache-miss
178 http fetch GET 200 https://registry.npmjs.org/@next%2fswc-linux-arm64-musl 1149ms (cache miss)
179 silly packumentCache full:https://registry.npmjs.org/@next%2fswc-linux-arm64-musl set size:undefined disposed:false
180 silly fetch manifest @next/swc-win32-arm64-msvc@14.2.5
181 silly packumentCache full:https://registry.npmjs.org/@next%2fswc-win32-arm64-msvc cache-miss
182 http fetch GET 200 https://registry.npmjs.org/@next%2fswc-win32-arm64-msvc 710ms (cache miss)
183 silly packumentCache full:https://registry.npmjs.org/@next%2fswc-win32-arm64-msvc set size:undefined disposed:false
184 silly fetch manifest scheduler@^0.23.2
185 silly packumentCache full:https://registry.npmjs.org/scheduler cache-miss
186 http fetch GET 200 https://registry.npmjs.org/scheduler 361ms (cache miss)
187 silly packumentCache full:https://registry.npmjs.org/scheduler set size:undefined disposed:false
188 silly fetch manifest loose-envify@^1.1.0
189 silly packumentCache full:https://registry.npmjs.org/loose-envify cache-miss
190 http fetch GET 200 https://registry.npmjs.org/loose-envify 41ms (cache miss)
191 silly packumentCache full:https://registry.npmjs.org/loose-envify set size:undefined disposed:false
192 silly fetch manifest arg@^5.0.2
193 silly packumentCache full:https://registry.npmjs.org/arg cache-miss
194 http fetch GET 200 https://registry.npmjs.org/arg 39ms (cache miss)
195 silly packumentCache full:https://registry.npmjs.org/arg set size:undefined disposed:false
196 silly fetch manifest dlv@^1.1.3
197 silly packumentCache full:https://registry.npmjs.org/dlv cache-miss
198 http fetch GET 200 https://registry.npmjs.org/dlv 27ms (cache miss)
199 silly packumentCache full:https://registry.npmjs.org/dlv set size:undefined disposed:false
200 silly fetch manifest jiti@^1.21.0
201 silly packumentCache full:https://registry.npmjs.org/jiti cache-miss
202 http fetch GET 200 https://registry.npmjs.org/jiti 50ms (cache miss)
203 silly packumentCache full:https://registry.npmjs.org/jiti set size:undefined disposed:false
204 silly fetch manifest is-glob@^4.0.3
205 silly packumentCache full:https://registry.npmjs.org/is-glob cache-miss
206 http fetch GET 200 https://registry.npmjs.org/is-glob 27ms (cache miss)
207 silly packumentCache full:https://registry.npmjs.org/is-glob set size:undefined disposed:false
208 silly fetch manifest resolve@^1.22.2
209 silly packumentCache full:https://registry.npmjs.org/resolve cache-miss
210 http fetch GET 200 https://registry.npmjs.org/resolve 56ms (cache miss)
211 silly packumentCache full:https://registry.npmjs.org/resolve set size:undefined disposed:false
212 silly fetch manifest sucrase@^3.32.0
213 silly packumentCache full:https://registry.npmjs.org/sucrase cache-miss
214 http fetch GET 200 https://registry.npmjs.org/sucrase 36ms (cache miss)
215 silly packumentCache full:https://registry.npmjs.org/sucrase set size:undefined disposed:false
216 silly fetch manifest chokidar@^3.5.3
217 silly packumentCache full:https://registry.npmjs.org/chokidar cache-miss
218 http fetch GET 200 https://registry.npmjs.org/chokidar 43ms (cache miss)
219 silly packumentCache full:https://registry.npmjs.org/chokidar set size:undefined disposed:false
220 silly fetch manifest fast-glob@^3.3.0
221 silly packumentCache full:https://registry.npmjs.org/fast-glob cache-miss
222 http fetch GET 200 https://registry.npmjs.org/fast-glob 36ms (cache miss)
223 silly packumentCache full:https://registry.npmjs.org/fast-glob set size:undefined disposed:false
224 silly fetch manifest lilconfig@^2.1.0
225 silly packumentCache full:https://registry.npmjs.org/lilconfig cache-miss
226 http fetch GET 200 https://registry.npmjs.org/lilconfig 38ms (cache miss)
227 silly packumentCache full:https://registry.npmjs.org/lilconfig set size:undefined disposed:false
228 silly fetch manifest didyoumean@^1.2.2
229 silly packumentCache full:https://registry.npmjs.org/didyoumean cache-miss
230 http fetch GET 200 https://registry.npmjs.org/didyoumean 27ms (cache miss)
231 silly packumentCache full:https://registry.npmjs.org/didyoumean set size:undefined disposed:false
232 silly fetch manifest micromatch@^4.0.5
233 silly packumentCache full:https://registry.npmjs.org/micromatch cache-miss
234 http fetch GET 200 https://registry.npmjs.org/micromatch 53ms (cache miss)
235 silly packumentCache full:https://registry.npmjs.org/micromatch set size:undefined disposed:false
236 silly fetch manifest postcss-js@^4.0.1
237 silly packumentCache full:https://registry.npmjs.org/postcss-js cache-miss
238 http fetch GET 200 https://registry.npmjs.org/postcss-js 35ms (cache miss)
239 silly packumentCache full:https://registry.npmjs.org/postcss-js set size:undefined disposed:false
240 silly fetch manifest glob-parent@^6.0.2
241 silly packumentCache full:https://registry.npmjs.org/glob-parent cache-miss
242 http fetch GET 200 https://registry.npmjs.org/glob-parent 41ms (cache miss)
243 silly packumentCache full:https://registry.npmjs.org/glob-parent set size:undefined disposed:false
244 silly fetch manifest object-hash@^3.0.0
245 silly packumentCache full:https://registry.npmjs.org/object-hash cache-miss
246 http fetch GET 200 https://registry.npmjs.org/object-hash 29ms (cache miss)
247 silly packumentCache full:https://registry.npmjs.org/object-hash set size:undefined disposed:false
248 silly fetch manifest normalize-path@^3.0.0
249 silly packumentCache full:https://registry.npmjs.org/normalize-path cache-miss
250 http fetch GET 200 https://registry.npmjs.org/normalize-path 37ms (cache miss)
251 silly packumentCache full:https://registry.npmjs.org/normalize-path set size:undefined disposed:false
252 silly fetch manifest postcss-import@^15.1.0
253 silly packumentCache full:https://registry.npmjs.org/postcss-import cache-miss
254 http fetch GET 200 https://registry.npmjs.org/postcss-import 43ms (cache miss)
255 silly packumentCache full:https://registry.npmjs.org/postcss-import set size:undefined disposed:false
256 silly fetch manifest postcss-nested@^6.0.1
257 silly packumentCache full:https://registry.npmjs.org/postcss-nested cache-miss
258 http fetch GET 200 https://registry.npmjs.org/postcss-nested 40ms (cache miss)
259 silly packumentCache full:https://registry.npmjs.org/postcss-nested set size:undefined disposed:false
260 silly fetch manifest @alloc/quick-lru@^5.2.0
261 silly packumentCache full:https://registry.npmjs.org/@alloc%2fquick-lru cache-miss
262 http fetch GET 200 https://registry.npmjs.org/@alloc%2fquick-lru 102ms (cache miss)
263 silly packumentCache full:https://registry.npmjs.org/@alloc%2fquick-lru set size:undefined disposed:false
264 silly fetch manifest postcss-load-config@^4.0.1
265 silly packumentCache full:https://registry.npmjs.org/postcss-load-config cache-miss
266 http fetch GET 200 https://registry.npmjs.org/postcss-load-config 46ms (cache miss)
267 silly packumentCache full:https://registry.npmjs.org/postcss-load-config set size:undefined disposed:false
268 silly fetch manifest postcss-selector-parser@^6.0.11
269 silly packumentCache full:https://registry.npmjs.org/postcss-selector-parser cache-miss
270 http fetch GET 200 https://registry.npmjs.org/postcss-selector-parser 31ms (cache miss)
271 silly packumentCache full:https://registry.npmjs.org/postcss-selector-parser set size:undefined disposed:false
272 silly placeDep ROOT undici-types@5.26.5 OK for: @types/node@20.11.30 want: ~5.26.4
273 silly placeDep ROOT @types/prop-types@15.7.15 OK for: @types/react@18.3.3 want: *
274 silly placeDep ROOT csstype@3.2.3 OK for: @types/react@18.3.3 want: ^3.0.2
275 silly placeDep ROOT browserslist@4.29.0 OK for: autoprefixer@10.4.19 want: ^4.23.0
276 silly placeDep ROOT caniuse-lite@1.0.30001810 OK for: autoprefixer@10.4.19 want: ^1.0.30001599
277 silly placeDep ROOT fraction.js@4.3.7 OK for: autoprefixer@10.4.19 want: ^4.3.7
278 silly placeDep ROOT normalize-range@0.1.2 OK for: autoprefixer@10.4.19 want: ^0.1.2
279 silly placeDep ROOT picocolors@1.1.1 OK for: autoprefixer@10.4.19 want: ^1.0.0
280 silly placeDep ROOT postcss-value-parser@4.2.0 OK for: autoprefixer@10.4.19 want: ^4.2.0
281 silly fetch manifest caniuse-lite@^1.0.30001810
282 silly packumentCache full:https://registry.npmjs.org/caniuse-lite cache-miss
283 http fetch GET 200 https://registry.npmjs.org/caniuse-lite 14ms (cache hit)
284 silly packumentCache full:https://registry.npmjs.org/caniuse-lite set size:2313344 disposed:false
285 silly fetch manifest node-releases@^2.0.55
286 silly packumentCache full:https://registry.npmjs.org/node-releases cache-miss
287 http fetch GET 200 https://registry.npmjs.org/node-releases 62ms (cache miss)
288 silly packumentCache full:https://registry.npmjs.org/node-releases set size:undefined disposed:false
289 silly fetch manifest electron-to-chromium@^1.5.427
290 silly packumentCache full:https://registry.npmjs.org/electron-to-chromium cache-miss
291 http fetch GET 200 https://registry.npmjs.org/electron-to-chromium 174ms (cache miss)
292 silly packumentCache full:https://registry.npmjs.org/electron-to-chromium set size:undefined disposed:false
293 silly fetch manifest update-browserslist-db@^1.3.3
294 silly packumentCache full:https://registry.npmjs.org/update-browserslist-db cache-miss
295 http fetch GET 200 https://registry.npmjs.org/update-browserslist-db 44ms (cache miss)
296 silly packumentCache full:https://registry.npmjs.org/update-browserslist-db set size:undefined disposed:false
297 silly fetch manifest baseline-browser-mapping@^2.11.23
298 silly packumentCache full:https://registry.npmjs.org/baseline-browser-mapping cache-miss
299 http fetch GET 200 https://registry.npmjs.org/baseline-browser-mapping 46ms (cache miss)
300 silly packumentCache full:https://registry.npmjs.org/baseline-browser-mapping set size:undefined disposed:false
301 silly fetch manifest browserslist@>= 4.21.0
302 silly packumentCache full:https://registry.npmjs.org/browserslist cache-miss
303 http fetch GET 200 https://registry.npmjs.org/browserslist 5ms (cache hit)
304 silly packumentCache full:https://registry.npmjs.org/browserslist set size:523370 disposed:false
305 silly placeDep ROOT baseline-browser-mapping@2.11.25 OK for: browserslist@4.29.0 want: ^2.11.23
306 silly placeDep ROOT electron-to-chromium@1.5.433 OK for: browserslist@4.29.0 want: ^1.5.427
307 silly placeDep ROOT node-releases@2.0.56 OK for: browserslist@4.29.0 want: ^2.0.55
308 silly placeDep ROOT update-browserslist-db@1.3.3 OK for: browserslist@4.29.0 want: ^1.3.3
309 silly fetch manifest escalade@^3.2.0
310 silly packumentCache full:https://registry.npmjs.org/escalade cache-miss
311 http fetch GET 200 https://registry.npmjs.org/escalade 49ms (cache miss)
312 silly packumentCache full:https://registry.npmjs.org/escalade set size:undefined disposed:false
313 silly fetch manifest react@^18.2.0
314 silly packumentCache full:https://registry.npmjs.org/react cache-miss
315 http fetch GET 200 https://registry.npmjs.org/react 20ms (cache hit)
316 silly packumentCache full:https://registry.npmjs.org/react set size:6997055 disposed:false
317 silly placeDep ROOT @next/env@14.2.5 OK for: next@14.2.5 want: 14.2.5
318 silly placeDep ROOT @next/swc-darwin-arm64@14.2.5 OK for: next@14.2.5 want: 14.2.5
319 silly placeDep ROOT @next/swc-darwin-x64@14.2.5 OK for: next@14.2.5 want: 14.2.5
320 silly placeDep ROOT @next/swc-linux-arm64-gnu@14.2.5 OK for: next@14.2.5 want: 14.2.5
321 silly placeDep ROOT @next/swc-linux-arm64-musl@14.2.5 OK for: next@14.2.5 want: 14.2.5
322 silly placeDep ROOT @next/swc-linux-x64-gnu@14.2.5 OK for: next@14.2.5 want: 14.2.5
323 silly placeDep ROOT @next/swc-linux-x64-musl@14.2.5 OK for: next@14.2.5 want: 14.2.5
324 silly placeDep ROOT @next/swc-win32-arm64-msvc@14.2.5 OK for: next@14.2.5 want: 14.2.5
325 silly placeDep ROOT @next/swc-win32-ia32-msvc@14.2.5 OK for: next@14.2.5 want: 14.2.5
326 silly placeDep ROOT @next/swc-win32-x64-msvc@14.2.5 OK for: next@14.2.5 want: 14.2.5
327 silly placeDep ROOT @swc/helpers@0.5.5 OK for: next@14.2.5 want: 0.5.5
328 silly placeDep ROOT busboy@1.6.0 OK for: next@14.2.5 want: 1.6.0
329 silly placeDep ROOT graceful-fs@4.2.11 OK for: next@14.2.5 want: ^4.2.11
330 silly placeDep node_modules/next postcss@8.4.31 OK for: next@14.2.5 want: 8.4.31
331 silly placeDep ROOT styled-jsx@5.1.1 OK for: next@14.2.5 want: 5.1.1
332 silly fetch manifest tslib@^2.4.0
333 silly packumentCache full:https://registry.npmjs.org/tslib cache-miss
334 http fetch GET 200 https://registry.npmjs.org/tslib 39ms (cache miss)
335 silly packumentCache full:https://registry.npmjs.org/tslib set size:undefined disposed:false
336 silly fetch manifest @swc/counter@^0.1.3
337 silly packumentCache full:https://registry.npmjs.org/@swc%2fcounter cache-miss
338 http fetch GET 200 https://registry.npmjs.org/@swc%2fcounter 54ms (cache miss)
339 silly packumentCache full:https://registry.npmjs.org/@swc%2fcounter set size:undefined disposed:false
340 silly fetch manifest streamsearch@^1.1.0
341 silly packumentCache full:https://registry.npmjs.org/streamsearch cache-miss
342 http fetch GET 200 https://registry.npmjs.org/streamsearch 27ms (cache miss)
343 silly packumentCache full:https://registry.npmjs.org/streamsearch set size:undefined disposed:false
344 silly fetch manifest nanoid@^3.3.6
345 silly packumentCache full:https://registry.npmjs.org/nanoid cache-miss
346 http fetch GET 200 https://registry.npmjs.org/nanoid 3ms (cache hit)
347 silly packumentCache full:https://registry.npmjs.org/nanoid set size:345858 disposed:false
348 silly fetch manifest source-map-js@^1.0.2
349 silly packumentCache full:https://registry.npmjs.org/source-map-js cache-miss
350 http fetch GET 200 https://registry.npmjs.org/source-map-js 2ms (cache hit)
351 silly packumentCache full:https://registry.npmjs.org/source-map-js set size:62640 disposed:false
352 silly fetch manifest client-only@0.0.1
353 silly packumentCache full:https://registry.npmjs.org/client-only cache-miss
354 http fetch GET 200 https://registry.npmjs.org/client-only 42ms (cache miss)
355 silly packumentCache full:https://registry.npmjs.org/client-only set size:undefined disposed:false
356 silly placeDep ROOT @swc/counter@0.1.3 OK for: @swc/helpers@0.5.5 want: ^0.1.3
357 silly placeDep ROOT tslib@2.8.1 OK for: @swc/helpers@0.5.5 want: ^2.4.0
358 silly placeDep ROOT streamsearch@1.1.0 OK for: busboy@1.6.0 want: ^1.1.0
359 silly placeDep ROOT nanoid@3.3.19 OK for: postcss@8.4.38 want: ^3.3.7
360 silly placeDep ROOT source-map-js@1.2.1 OK for: postcss@8.4.38 want: ^1.2.0
361 silly placeDep ROOT loose-envify@1.4.0 OK for: react@18.3.1 want: ^1.1.0
362 silly fetch manifest js-tokens@^3.0.0 || ^4.0.0
363 silly packumentCache full:https://registry.npmjs.org/js-tokens cache-miss
364 http fetch GET 200 https://registry.npmjs.org/js-tokens 32ms (cache miss)
365 silly packumentCache full:https://registry.npmjs.org/js-tokens set size:undefined disposed:false
366 silly placeDep ROOT js-tokens@4.0.0 OK for: loose-envify@1.4.0 want: ^3.0.0 || ^4.0.0
367 silly placeDep ROOT scheduler@0.23.2 OK for: react-dom@18.3.1 want: ^0.23.2
368 silly placeDep ROOT client-only@0.0.1 OK for: styled-jsx@5.1.1 want: 0.0.1
369 silly fetch manifest postcss@^8.4.23
370 silly packumentCache full:https://registry.npmjs.org/postcss cache-hit
371 silly fetch manifest ts-node@>=9.0.0
372 silly packumentCache full:https://registry.npmjs.org/ts-node cache-miss
373 http fetch GET 200 https://registry.npmjs.org/ts-node 64ms (cache miss)
374 silly packumentCache full:https://registry.npmjs.org/ts-node set size:undefined disposed:false
375 silly fetch manifest @swc/core@>=1.2.50
376 silly packumentCache full:https://registry.npmjs.org/@swc%2fcore cache-miss
377 http fetch GET 200 https://registry.npmjs.org/@swc%2fcore 149ms (cache miss)
378 silly packumentCache full:https://registry.npmjs.org/@swc%2fcore set size:undefined disposed:false
379 silly fetch manifest @swc/helpers@>=0.5.17
380 silly packumentCache full:https://registry.npmjs.org/@swc%2fhelpers cache-miss
381 http fetch GET 200 https://registry.npmjs.org/@swc%2fhelpers 15ms (cache hit)
382 silly packumentCache full:https://registry.npmjs.org/@swc%2fhelpers set size:775458 disposed:false
383 silly fetch manifest @swc/wasm@>=1.2.50
384 silly packumentCache full:https://registry.npmjs.org/@swc%2fwasm cache-miss
385 http fetch GET 200 https://registry.npmjs.org/@swc%2fwasm 134ms (cache miss)
386 silly packumentCache full:https://registry.npmjs.org/@swc%2fwasm set size:undefined disposed:false
387 silly fetch manifest @types/node@*
388 silly packumentCache full:https://registry.npmjs.org/@types%2fnode cache-miss
389 http fetch GET 200 https://registry.npmjs.org/@types%2fnode 25ms (cache hit)
390 silly packumentCache full:https://registry.npmjs.org/@types%2fnode set size:11150508 disposed:false
391 silly fetch manifest typescript@>=2.7
392 silly packumentCache full:https://registry.npmjs.org/typescript cache-miss
393 http fetch GET 200 https://registry.npmjs.org/typescript 39ms (cache hit)
394 silly packumentCache full:https://registry.npmjs.org/typescript set size:15702331 disposed:false
395 silly placeDep ROOT @alloc/quick-lru@5.3.0 OK for: tailwindcss@3.4.3 want: ^5.2.0
396 silly placeDep ROOT arg@5.0.2 OK for: tailwindcss@3.4.3 want: ^5.0.2
397 silly placeDep ROOT chokidar@3.6.0 OK for: tailwindcss@3.4.3 want: ^3.5.3
398 silly placeDep ROOT didyoumean@1.2.2 OK for: tailwindcss@3.4.3 want: ^1.2.2
399 silly placeDep ROOT dlv@1.1.3 OK for: tailwindcss@3.4.3 want: ^1.1.3
400 silly placeDep ROOT fast-glob@3.3.3 OK for: tailwindcss@3.4.3 want: ^3.3.0
401 silly placeDep ROOT glob-parent@6.0.2 OK for: tailwindcss@3.4.3 want: ^6.0.2
402 silly placeDep ROOT is-glob@4.0.3 OK for: tailwindcss@3.4.3 want: ^4.0.3
403 silly placeDep ROOT jiti@1.21.7 OK for: tailwindcss@3.4.3 want: ^1.21.0
404 silly placeDep ROOT lilconfig@2.1.0 OK for: tailwindcss@3.4.3 want: ^2.1.0
405 silly placeDep ROOT micromatch@4.0.8 OK for: tailwindcss@3.4.3 want: ^4.0.5
406 silly placeDep ROOT normalize-path@3.0.0 OK for: tailwindcss@3.4.3 want: ^3.0.0
407 silly placeDep ROOT object-hash@3.0.0 OK for: tailwindcss@3.4.3 want: ^3.0.0
408 silly placeDep ROOT postcss-import@15.1.0 OK for: tailwindcss@3.4.3 want: ^15.1.0
409 silly placeDep ROOT postcss-js@4.1.0 OK for: tailwindcss@3.4.3 want: ^4.0.1
410 silly placeDep node_modules/tailwindcss postcss-load-config@4.0.2 OK for: tailwindcss@3.4.3 want: ^4.0.1
411 silly placeDep ROOT postcss-nested@6.2.0 OK for: tailwindcss@3.4.3 want: ^6.0.1
412 silly placeDep ROOT postcss-selector-parser@6.1.4 OK for: tailwindcss@3.4.3 want: ^6.0.11
413 silly placeDep ROOT resolve@1.22.12 OK for: tailwindcss@3.4.3 want: ^1.22.2
414 silly placeDep ROOT sucrase@3.35.1 OK for: tailwindcss@3.4.3 want: ^3.32.0
415 silly fetch manifest braces@~3.0.2
416 silly packumentCache full:https://registry.npmjs.org/braces cache-miss
417 http fetch GET 200 https://registry.npmjs.org/braces 33ms (cache miss)
418 silly packumentCache full:https://registry.npmjs.org/braces set size:undefined disposed:false
419 silly fetch manifest is-glob@~4.0.1
420 silly packumentCache full:https://registry.npmjs.org/is-glob cache-miss
421 http fetch GET 200 https://registry.npmjs.org/is-glob 3ms (cache hit)
422 silly packumentCache full:https://registry.npmjs.org/is-glob set size:40530 disposed:false
423 silly fetch manifest anymatch@~3.1.2
424 silly packumentCache full:https://registry.npmjs.org/anymatch cache-miss
425 http fetch GET 200 https://registry.npmjs.org/anymatch 47ms (cache miss)
426 silly packumentCache full:https://registry.npmjs.org/anymatch set size:undefined disposed:false
427 silly fetch manifest readdirp@~3.6.0
428 silly packumentCache full:https://registry.npmjs.org/readdirp cache-miss
429 http fetch GET 200 https://registry.npmjs.org/readdirp 30ms (cache miss)
430 silly packumentCache full:https://registry.npmjs.org/readdirp set size:undefined disposed:false
431 silly fetch manifest glob-parent@~5.1.2
432 silly packumentCache full:https://registry.npmjs.org/glob-parent cache-miss
433 http fetch GET 200 https://registry.npmjs.org/glob-parent 4ms (cache hit)
434 silly packumentCache full:https://registry.npmjs.org/glob-parent set size:42445 disposed:false
435 silly fetch manifest is-binary-path@~2.1.0
436 silly packumentCache full:https://registry.npmjs.org/is-binary-path cache-miss
437 http fetch GET 200 https://registry.npmjs.org/is-binary-path 42ms (cache miss)
438 silly packumentCache full:https://registry.npmjs.org/is-binary-path set size:undefined disposed:false
439 silly fetch manifest normalize-path@~3.0.0
440 silly packumentCache full:https://registry.npmjs.org/normalize-path cache-miss
441 http fetch GET 200 https://registry.npmjs.org/normalize-path 2ms (cache hit)
442 silly packumentCache full:https://registry.npmjs.org/normalize-path set size:28713 disposed:false
443 silly fetch manifest fsevents@~2.3.2
444 silly packumentCache full:https://registry.npmjs.org/fsevents cache-miss
445 http fetch GET 200 https://registry.npmjs.org/fsevents 33ms (cache miss)
446 silly packumentCache full:https://registry.npmjs.org/fsevents set size:undefined disposed:false
447 silly fetch manifest @nodelib/fs.stat@^2.0.2
448 silly packumentCache full:https://registry.npmjs.org/@nodelib%2ffs.stat cache-miss
449 http fetch GET 200 https://registry.npmjs.org/@nodelib%2ffs.stat 78ms (cache miss)
450 silly packumentCache full:https://registry.npmjs.org/@nodelib%2ffs.stat set size:undefined disposed:false
451 silly fetch manifest @nodelib/fs.walk@^1.2.3
452 silly packumentCache full:https://registry.npmjs.org/@nodelib%2ffs.walk cache-miss
453 http fetch GET 200 https://registry.npmjs.org/@nodelib%2ffs.walk 42ms (cache miss)
454 silly packumentCache full:https://registry.npmjs.org/@nodelib%2ffs.walk set size:undefined disposed:false
455 silly fetch manifest glob-parent@^5.1.2
456 silly packumentCache full:https://registry.npmjs.org/glob-parent cache-hit
457 silly fetch manifest merge2@^1.3.0
458 silly packumentCache full:https://registry.npmjs.org/merge2 cache-miss
459 http fetch GET 200 https://registry.npmjs.org/merge2 31ms (cache miss)
460 silly packumentCache full:https://registry.npmjs.org/merge2 set size:undefined disposed:false
461 silly fetch manifest micromatch@^4.0.8
462 silly packumentCache full:https://registry.npmjs.org/micromatch cache-miss
463 http fetch GET 200 https://registry.npmjs.org/micromatch 2ms (cache hit)
464 silly packumentCache full:https://registry.npmjs.org/micromatch set size:240630 disposed:false
465 silly fetch manifest is-extglob@^2.1.1
466 silly packumentCache full:https://registry.npmjs.org/is-extglob cache-miss
467 http fetch GET 200 https://registry.npmjs.org/is-extglob 28ms (cache miss)
468 silly packumentCache full:https://registry.npmjs.org/is-extglob set size:undefined disposed:false
469 silly fetch manifest braces@^3.0.3
470 silly packumentCache full:https://registry.npmjs.org/braces cache-miss
471 http fetch GET 200 https://registry.npmjs.org/braces 2ms (cache hit)
472 silly packumentCache full:https://registry.npmjs.org/braces set size:114529 disposed:false
473 silly fetch manifest picomatch@^2.3.1
474 silly packumentCache full:https://registry.npmjs.org/picomatch cache-miss
475 http fetch GET 200 https://registry.npmjs.org/picomatch 45ms (cache miss)
476 silly packumentCache full:https://registry.npmjs.org/picomatch set size:undefined disposed:false
477 silly fetch manifest resolve@^1.1.7
478 silly packumentCache full:https://registry.npmjs.org/resolve cache-miss
479 http fetch GET 200 https://registry.npmjs.org/resolve 3ms (cache hit)
480 silly packumentCache full:https://registry.npmjs.org/resolve set size:244568 disposed:false
481 silly fetch manifest read-cache@^1.0.0
482 silly packumentCache full:https://registry.npmjs.org/read-cache cache-miss
483 http fetch GET 200 https://registry.npmjs.org/read-cache 33ms (cache miss)
484 silly packumentCache full:https://registry.npmjs.org/read-cache set size:undefined disposed:false
485 silly fetch manifest camelcase-css@^2.0.1
486 silly packumentCache full:https://registry.npmjs.org/camelcase-css cache-miss
487 http fetch GET 200 https://registry.npmjs.org/camelcase-css 34ms (cache miss)
488 silly packumentCache full:https://registry.npmjs.org/camelcase-css set size:undefined disposed:false
489 silly fetch manifest yaml@^2.3.4
490 silly packumentCache full:https://registry.npmjs.org/yaml cache-miss
491 http fetch GET 200 https://registry.npmjs.org/yaml 36ms (cache miss)
492 silly packumentCache full:https://registry.npmjs.org/yaml set size:undefined disposed:false
493 silly fetch manifest lilconfig@^3.0.0
494 silly packumentCache full:https://registry.npmjs.org/lilconfig cache-miss
495 http fetch GET 200 https://registry.npmjs.org/lilconfig 2ms (cache hit)
496 silly packumentCache full:https://registry.npmjs.org/lilconfig set size:45636 disposed:false
497 silly fetch manifest postcss-selector-parser@^6.1.1
498 silly packumentCache full:https://registry.npmjs.org/postcss-selector-parser cache-miss
499 http fetch GET 200 https://registry.npmjs.org/postcss-selector-parser 5ms (cache hit)
500 silly packumentCache full:https://registry.npmjs.org/postcss-selector-parser set size:199901 disposed:false
501 silly fetch manifest cssesc@^3.0.0
502 silly packumentCache full:https://registry.npmjs.org/cssesc cache-miss
503 http fetch GET 200 https://registry.npmjs.org/cssesc 34ms (cache miss)
504 silly packumentCache full:https://registry.npmjs.org/cssesc set size:undefined disposed:false
505 silly fetch manifest util-deprecate@^1.0.2
506 silly packumentCache full:https://registry.npmjs.org/util-deprecate cache-miss
507 http fetch GET 200 https://registry.npmjs.org/util-deprecate 29ms (cache miss)
508 silly packumentCache full:https://registry.npmjs.org/util-deprecate set size:undefined disposed:false
509 silly fetch manifest es-errors@^1.3.0
510 silly packumentCache full:https://registry.npmjs.org/es-errors cache-miss
511 http fetch GET 200 https://registry.npmjs.org/es-errors 40ms (cache miss)
512 silly packumentCache full:https://registry.npmjs.org/es-errors set size:undefined disposed:false
513 silly fetch manifest path-parse@^1.0.7
514 silly packumentCache full:https://registry.npmjs.org/path-parse cache-miss
515 http fetch GET 200 https://registry.npmjs.org/path-parse 25ms (cache miss)
516 silly packumentCache full:https://registry.npmjs.org/path-parse set size:undefined disposed:false
517 silly fetch manifest is-core-module@^2.16.1
518 silly packumentCache full:https://registry.npmjs.org/is-core-module cache-miss
519 http fetch GET 200 https://registry.npmjs.org/is-core-module 34ms (cache miss)
520 silly packumentCache full:https://registry.npmjs.org/is-core-module set size:undefined disposed:false
521 silly fetch manifest supports-preserve-symlinks-flag@^1.0.0
522 silly packumentCache full:https://registry.npmjs.org/supports-preserve-symlinks-flag cache-miss
523 http fetch GET 200 https://registry.npmjs.org/supports-preserve-symlinks-flag 25ms (cache miss)
524 silly packumentCache full:https://registry.npmjs.org/supports-preserve-symlinks-flag set size:undefined disposed:false
525 silly fetch manifest @jridgewell/gen-mapping@^0.3.2
526 silly packumentCache full:https://registry.npmjs.org/@jridgewell%2fgen-mapping cache-miss
527 http fetch GET 200 https://registry.npmjs.org/@jridgewell%2fgen-mapping 73ms (cache miss)
528 silly packumentCache full:https://registry.npmjs.org/@jridgewell%2fgen-mapping set size:undefined disposed:false
529 silly fetch manifest commander@^4.0.0
530 silly packumentCache full:https://registry.npmjs.org/commander cache-miss
531 http fetch GET 200 https://registry.npmjs.org/commander 41ms (cache miss)
532 silly packumentCache full:https://registry.npmjs.org/commander set size:undefined disposed:false
533 silly fetch manifest lines-and-columns@^1.1.6
534 silly packumentCache full:https://registry.npmjs.org/lines-and-columns cache-miss
535 http fetch GET 200 https://registry.npmjs.org/lines-and-columns 37ms (cache miss)
536 silly packumentCache full:https://registry.npmjs.org/lines-and-columns set size:undefined disposed:false
537 silly fetch manifest mz@^2.7.0
538 silly packumentCache full:https://registry.npmjs.org/mz cache-miss
539 http fetch GET 200 https://registry.npmjs.org/mz 31ms (cache miss)
540 silly packumentCache full:https://registry.npmjs.org/mz set size:undefined disposed:false
541 silly fetch manifest pirates@^4.0.1
542 silly packumentCache full:https://registry.npmjs.org/pirates cache-miss
543 http fetch GET 200 https://registry.npmjs.org/pirates 36ms (cache miss)
544 silly packumentCache full:https://registry.npmjs.org/pirates set size:undefined disposed:false
545 silly fetch manifest tinyglobby@^0.2.11
546 silly packumentCache full:https://registry.npmjs.org/tinyglobby cache-miss
547 http fetch GET 200 https://registry.npmjs.org/tinyglobby 27ms (cache miss)
548 silly packumentCache full:https://registry.npmjs.org/tinyglobby set size:undefined disposed:false
549 silly fetch manifest ts-interface-checker@^0.1.9
550 silly packumentCache full:https://registry.npmjs.org/ts-interface-checker cache-miss
551 http fetch GET 200 https://registry.npmjs.org/ts-interface-checker 40ms (cache miss)
552 silly packumentCache full:https://registry.npmjs.org/ts-interface-checker set size:undefined disposed:false
553 silly placeDep ROOT anymatch@3.1.3 OK for: chokidar@3.6.0 want: ~3.1.2
554 silly placeDep ROOT braces@3.0.3 OK for: chokidar@3.6.0 want: ~3.0.2
555 silly placeDep ROOT fsevents@2.3.3 OK for: chokidar@3.6.0 want: ~2.3.2
556 silly placeDep node_modules/chokidar glob-parent@5.1.2 OK for: chokidar@3.6.0 want: ~5.1.2
557 silly placeDep ROOT is-binary-path@2.1.0 OK for: chokidar@3.6.0 want: ~2.1.0
558 silly placeDep ROOT readdirp@3.6.0 OK for: chokidar@3.6.0 want: ~3.6.0
559 silly fetch manifest picomatch@^2.0.4
560 silly packumentCache full:https://registry.npmjs.org/picomatch cache-miss
561 http fetch GET 200 https://registry.npmjs.org/picomatch 6ms (cache hit)
562 silly packumentCache full:https://registry.npmjs.org/picomatch set size:134451 disposed:false
563 silly fetch manifest fill-range@^7.1.1
564 silly packumentCache full:https://registry.npmjs.org/fill-range cache-miss
565 http fetch GET 200 https://registry.npmjs.org/fill-range 51ms (cache miss)
566 silly packumentCache full:https://registry.npmjs.org/fill-range set size:undefined disposed:false
567 silly fetch manifest binary-extensions@^2.0.0
568 silly packumentCache full:https://registry.npmjs.org/binary-extensions cache-miss
569 http fetch GET 200 https://registry.npmjs.org/binary-extensions 36ms (cache miss)
570 silly packumentCache full:https://registry.npmjs.org/binary-extensions set size:undefined disposed:false
571 silly fetch manifest picomatch@^2.2.1
572 silly packumentCache full:https://registry.npmjs.org/picomatch cache-hit
573 silly placeDep ROOT picomatch@2.3.2 OK for: anymatch@3.1.3 want: ^2.0.4
574 silly placeDep ROOT fill-range@7.1.1 OK for: braces@3.0.3 want: ^7.1.1
575 silly fetch manifest to-regex-range@^5.0.1
576 silly packumentCache full:https://registry.npmjs.org/to-regex-range cache-miss
577 http fetch GET 200 https://registry.npmjs.org/to-regex-range 30ms (cache miss)
578 silly packumentCache full:https://registry.npmjs.org/to-regex-range set size:undefined disposed:false
579 silly placeDep ROOT @nodelib/fs.stat@2.0.5 OK for: fast-glob@3.3.3 want: ^2.0.2
580 silly placeDep ROOT @nodelib/fs.walk@1.2.8 OK for: fast-glob@3.3.3 want: ^1.2.3
581 silly placeDep node_modules/fast-glob glob-parent@5.1.2 OK for: fast-glob@3.3.3 want: ^5.1.2
582 silly placeDep ROOT merge2@1.4.1 OK for: fast-glob@3.3.3 want: ^1.3.0
583 silly fetch manifest fastq@^1.6.0
584 silly packumentCache full:https://registry.npmjs.org/fastq cache-miss
585 http fetch GET 200 https://registry.npmjs.org/fastq 39ms (cache miss)
586 silly packumentCache full:https://registry.npmjs.org/fastq set size:undefined disposed:false
587 silly fetch manifest @nodelib/fs.scandir@2.1.5
588 silly packumentCache full:https://registry.npmjs.org/@nodelib%2ffs.scandir cache-miss
589 http fetch GET 200 https://registry.npmjs.org/@nodelib%2ffs.scandir 42ms (cache miss)
590 silly packumentCache full:https://registry.npmjs.org/@nodelib%2ffs.scandir set size:undefined disposed:false
591 silly placeDep ROOT @nodelib/fs.scandir@2.1.5 OK for: @nodelib/fs.walk@1.2.8 want: 2.1.5
592 silly placeDep ROOT fastq@1.20.3 OK for: @nodelib/fs.walk@1.2.8 want: ^1.6.0
593 silly fetch manifest run-parallel@^1.1.9
594 silly packumentCache full:https://registry.npmjs.org/run-parallel cache-miss
595 http fetch GET 200 https://registry.npmjs.org/run-parallel 40ms (cache miss)
596 silly packumentCache full:https://registry.npmjs.org/run-parallel set size:undefined disposed:false
597 silly fetch manifest reusify@^1.0.4
598 silly packumentCache full:https://registry.npmjs.org/reusify cache-miss
599 http fetch GET 200 https://registry.npmjs.org/reusify 24ms (cache miss)
600 silly packumentCache full:https://registry.npmjs.org/reusify set size:undefined disposed:false
601 silly placeDep ROOT run-parallel@1.2.0 OK for: @nodelib/fs.scandir@2.1.5 want: ^1.1.9
602 silly fetch manifest queue-microtask@^1.2.2
603 silly packumentCache full:https://registry.npmjs.org/queue-microtask cache-miss
604 http fetch GET 200 https://registry.npmjs.org/queue-microtask 32ms (cache miss)
605 silly packumentCache full:https://registry.npmjs.org/queue-microtask set size:undefined disposed:false
606 silly placeDep ROOT reusify@1.1.0 OK for: fastq@1.20.3 want: ^1.0.4
607 silly placeDep ROOT to-regex-range@5.0.1 OK for: fill-range@7.1.1 want: ^5.0.1
608 silly fetch manifest is-number@^7.0.0
609 silly packumentCache full:https://registry.npmjs.org/is-number cache-miss
610 http fetch GET 200 https://registry.npmjs.org/is-number 28ms (cache miss)
611 silly packumentCache full:https://registry.npmjs.org/is-number set size:undefined disposed:false
612 silly placeDep ROOT binary-extensions@2.3.0 OK for: is-binary-path@2.1.0 want: ^2.0.0
613 silly placeDep ROOT is-extglob@2.1.1 OK for: is-glob@4.0.3 want: ^2.1.1
614 silly placeDep ROOT read-cache@1.0.2 OK for: postcss-import@15.1.0 want: ^1.0.0
615 silly placeDep ROOT camelcase-css@2.0.1 OK for: postcss-js@4.1.0 want: ^2.0.1
616 silly placeDep ROOT cssesc@3.0.0 OK for: postcss-selector-parser@6.1.4 want: ^3.0.0
617 silly placeDep ROOT util-deprecate@1.0.2 OK for: postcss-selector-parser@6.1.4 want: ^1.0.2
618 silly placeDep ROOT es-errors@1.3.0 OK for: resolve@1.22.12 want: ^1.3.0
619 silly placeDep ROOT is-core-module@2.17.0 OK for: resolve@1.22.12 want: ^2.16.1
620 silly placeDep ROOT path-parse@1.0.7 OK for: resolve@1.22.12 want: ^1.0.7
621 silly placeDep ROOT supports-preserve-symlinks-flag@1.0.0 OK for: resolve@1.22.12 want: ^1.0.0
622 silly fetch manifest hasown@^2.0.4
623 silly packumentCache full:https://registry.npmjs.org/hasown cache-miss
624 http fetch GET 200 https://registry.npmjs.org/hasown 37ms (cache miss)
625 silly packumentCache full:https://registry.npmjs.org/hasown set size:undefined disposed:false
626 silly placeDep ROOT hasown@2.0.4 OK for: is-core-module@2.17.0 want: ^2.0.4
627 silly fetch manifest function-bind@^1.1.2
628 silly packumentCache full:https://registry.npmjs.org/function-bind cache-miss
629 http fetch GET 200 https://registry.npmjs.org/function-bind 27ms (cache miss)
630 silly packumentCache full:https://registry.npmjs.org/function-bind set size:undefined disposed:false
631 silly placeDep ROOT function-bind@1.1.2 OK for: hasown@2.0.4 want: ^1.1.2
632 silly placeDep ROOT queue-microtask@1.2.3 OK for: run-parallel@1.2.0 want: ^1.2.2
633 silly placeDep ROOT @jridgewell/gen-mapping@0.3.13 OK for: sucrase@3.35.1 want: ^0.3.2
634 silly placeDep ROOT commander@4.1.1 OK for: sucrase@3.35.1 want: ^4.0.0
635 silly placeDep ROOT lines-and-columns@1.2.4 OK for: sucrase@3.35.1 want: ^1.1.6
636 silly placeDep ROOT mz@2.7.0 OK for: sucrase@3.35.1 want: ^2.7.0
637 silly placeDep ROOT pirates@4.0.7 OK for: sucrase@3.35.1 want: ^4.0.1
638 silly placeDep ROOT tinyglobby@0.2.17 OK for: sucrase@3.35.1 want: ^0.2.11
639 silly placeDep ROOT ts-interface-checker@0.1.13 OK for: sucrase@3.35.1 want: ^0.1.9
640 silly fetch manifest @jridgewell/trace-mapping@^0.3.24
641 silly packumentCache full:https://registry.npmjs.org/@jridgewell%2ftrace-mapping cache-miss
642 http fetch GET 200 https://registry.npmjs.org/@jridgewell%2ftrace-mapping 78ms (cache miss)
643 silly packumentCache full:https://registry.npmjs.org/@jridgewell%2ftrace-mapping set size:undefined disposed:false
644 silly fetch manifest @jridgewell/sourcemap-codec@^1.5.0
645 silly packumentCache full:https://registry.npmjs.org/@jridgewell%2fsourcemap-codec cache-miss
646 http fetch GET 200 https://registry.npmjs.org/@jridgewell%2fsourcemap-codec 43ms (cache miss)
647 silly packumentCache full:https://registry.npmjs.org/@jridgewell%2fsourcemap-codec set size:undefined disposed:false
648 silly fetch manifest any-promise@^1.0.0
649 silly packumentCache full:https://registry.npmjs.org/any-promise cache-miss
650 http fetch GET 200 https://registry.npmjs.org/any-promise 43ms (cache miss)
651 silly packumentCache full:https://registry.npmjs.org/any-promise set size:undefined disposed:false
652 silly fetch manifest object-assign@^4.0.1
653 silly packumentCache full:https://registry.npmjs.org/object-assign cache-miss
654 http fetch GET 200 https://registry.npmjs.org/object-assign 32ms (cache miss)
655 silly packumentCache full:https://registry.npmjs.org/object-assign set size:undefined disposed:false
656 silly fetch manifest thenify-all@^1.0.0
657 silly packumentCache full:https://registry.npmjs.org/thenify-all cache-miss
658 http fetch GET 200 https://registry.npmjs.org/thenify-all 35ms (cache miss)
659 silly packumentCache full:https://registry.npmjs.org/thenify-all set size:undefined disposed:false
660 silly fetch manifest fdir@^6.5.0
661 silly packumentCache full:https://registry.npmjs.org/fdir cache-miss
662 http fetch GET 200 https://registry.npmjs.org/fdir 28ms (cache miss)
663 silly packumentCache full:https://registry.npmjs.org/fdir set size:undefined disposed:false
664 silly fetch manifest picomatch@^4.0.4
665 silly packumentCache full:https://registry.npmjs.org/picomatch cache-hit
666 silly placeDep ROOT @jridgewell/sourcemap-codec@1.6.0 OK for: @jridgewell/gen-mapping@0.3.13 want: ^1.5.0
667 silly placeDep ROOT @jridgewell/trace-mapping@0.3.31 OK for: @jridgewell/gen-mapping@0.3.13 want: ^0.3.24
668 silly fetch manifest @jridgewell/resolve-uri@^3.1.0
669 silly packumentCache full:https://registry.npmjs.org/@jridgewell%2fresolve-uri cache-miss
670 http fetch GET 200 https://registry.npmjs.org/@jridgewell%2fresolve-uri 67ms (cache miss)
671 silly packumentCache full:https://registry.npmjs.org/@jridgewell%2fresolve-uri set size:undefined disposed:false
672 silly placeDep ROOT @jridgewell/resolve-uri@3.1.2 OK for: @jridgewell/trace-mapping@0.3.31 want: ^3.1.0
673 silly placeDep ROOT any-promise@1.3.0 OK for: mz@2.7.0 want: ^1.0.0
674 silly placeDep ROOT object-assign@4.1.1 OK for: mz@2.7.0 want: ^4.0.1
675 silly placeDep ROOT thenify-all@1.6.0 OK for: mz@2.7.0 want: ^1.0.0
676 silly fetch manifest thenify@>= 3.1.0 < 4
677 silly packumentCache full:https://registry.npmjs.org/thenify cache-miss
678 http fetch GET 200 https://registry.npmjs.org/thenify 28ms (cache miss)
679 silly packumentCache full:https://registry.npmjs.org/thenify set size:undefined disposed:false
680 silly placeDep ROOT thenify@3.3.1 OK for: thenify-all@1.6.0 want: >= 3.1.0 < 4
681 silly placeDep node_modules/tinyglobby fdir@6.5.0 OK for: tinyglobby@0.2.17 want: ^6.5.0
682 silly placeDep node_modules/tinyglobby picomatch@4.0.7 OK for: fdir@6.5.0 want: ^3 || ^4
683 silly placeDep ROOT is-number@7.0.0 OK for: to-regex-range@5.0.1 want: ^7.0.0
684 silly placeDep ROOT escalade@3.2.0 OK for: update-browserslist-db@1.3.3 want: ^3.2.0
685 silly placeDep node_modules/tailwindcss/node_modules/postcss-load-config lilconfig@3.1.3 OK for: postcss-load-config@4.0.2 want: ^3.0.0
686 silly placeDep ROOT yaml@2.9.1 OK for: postcss-load-config@4.0.2 want: ^2.3.4
687 silly reify moves {}
688 silly audit bulk request {
688 silly audit   '@types/node': [ '20.11.30' ],
688 silly audit   '@types/react': [ '18.3.3' ],
688 silly audit   '@types/react-dom': [ '18.3.0' ],
688 silly audit   autoprefixer: [ '10.4.19' ],
688 silly audit   postcss: [ '8.4.38', '8.4.31' ],
688 silly audit   next: [ '14.2.5' ],
688 silly audit   react: [ '18.3.1' ],
688 silly audit   'react-dom': [ '18.3.1' ],
688 silly audit   tailwindcss: [ '3.4.3' ],
688 silly audit   typescript: [ '5.4.5' ],
688 silly audit   'undici-types': [ '5.26.5' ],
688 silly audit   '@types/prop-types': [ '15.7.15' ],
688 silly audit   csstype: [ '3.2.3' ],
688 silly audit   browserslist: [ '4.29.0' ],
688 silly audit   'caniuse-lite': [ '1.0.30001810' ],
688 silly audit   'fraction.js': [ '4.3.7' ],
688 silly audit   'normalize-range': [ '0.1.2' ],
688 silly audit   picocolors: [ '1.1.1' ],
688 silly audit   'postcss-value-parser': [ '4.2.0' ],
688 silly audit   'baseline-browser-mapping': [ '2.11.25' ],
688 silly audit   'electron-to-chromium': [ '1.5.433' ],
688 silly audit   'node-releases': [ '2.0.56' ],
688 silly audit   'update-browserslist-db': [ '1.3.3' ],
688 silly audit   '@next/env': [ '14.2.5' ],
688 silly audit   '@next/swc-darwin-arm64': [ '14.2.5' ],
688 silly audit   '@next/swc-darwin-x64': [ '14.2.5' ],
688 silly audit   '@next/swc-linux-arm64-gnu': [ '14.2.5' ],
688 silly audit   '@next/swc-linux-arm64-musl': [ '14.2.5' ],
688 silly audit   '@next/swc-linux-x64-gnu': [ '14.2.5' ],
688 silly audit   '@next/swc-linux-x64-musl': [ '14.2.5' ],
688 silly audit   '@next/swc-win32-arm64-msvc': [ '14.2.5' ],
688 silly audit   '@next/swc-win32-ia32-msvc': [ '14.2.5' ],
688 silly audit   '@next/swc-win32-x64-msvc': [ '14.2.5' ],
688 silly audit   '@swc/helpers': [ '0.5.5' ],
688 silly audit   busboy: [ '1.6.0' ],
688 silly audit   'graceful-fs': [ '4.2.11' ],
688 silly audit   'styled-jsx': [ '5.1.1' ],
688 silly audit   '@swc/counter': [ '0.1.3' ],
688 silly audit   tslib: [ '2.8.1' ],
688 silly audit   streamsearch: [ '1.1.0' ],
688 silly audit   nanoid: [ '3.3.19' ],
688 silly audit   'source-map-js': [ '1.2.1' ],
688 silly audit   'loose-envify': [ '1.4.0' ],
688 silly audit   'js-tokens': [ '4.0.0' ],
688 silly audit   scheduler: [ '0.23.2' ],
688 silly audit   'client-only': [ '0.0.1' ],
688 silly audit   '@alloc/quick-lru': [ '5.3.0' ],
688 silly audit   arg: [ '5.0.2' ],
688 silly audit   chokidar: [ '3.6.0' ],
688 silly audit   didyoumean: [ '1.2.2' ],
688 silly audit   dlv: [ '1.1.3' ],
688 silly audit   'fast-glob': [ '3.3.3' ],
688 silly audit   'glob-parent': [ '6.0.2', '5.1.2' ],
688 silly audit   'is-glob': [ '4.0.3' ],
688 silly audit   jiti: [ '1.21.7' ],
688 silly audit   lilconfig: [ '2.1.0', '3.1.3' ],
688 silly audit   micromatch: [ '4.0.8' ],
688 silly audit   'normalize-path': [ '3.0.0' ],
688 silly audit   'object-hash': [ '3.0.0' ],
688 silly audit   'postcss-import': [ '15.1.0' ],
688 silly audit   'postcss-js': [ '4.1.0' ],
688 silly audit   'postcss-load-config': [ '4.0.2' ],
688 silly audit   'postcss-nested': [ '6.2.0' ],
688 silly audit   'postcss-selector-parser': [ '6.1.4' ],
688 silly audit   resolve: [ '1.22.12' ],
688 silly audit   sucrase: [ '3.35.1' ],
688 silly audit   anymatch: [ '3.1.3' ],
688 silly audit   braces: [ '3.0.3' ],
688 silly audit   fsevents: [ '2.3.3' ],
688 silly audit   'is-binary-path': [ '2.1.0' ],
688 silly audit   readdirp: [ '3.6.0' ],
688 silly audit   picomatch: [ '2.3.2', '4.0.7' ],
688 silly audit   'fill-range': [ '7.1.1' ],
688 silly audit   '@nodelib/fs.stat': [ '2.0.5' ],
688 silly audit   '@nodelib/fs.walk': [ '1.2.8' ],
688 silly audit   merge2: [ '1.4.1' ],
688 silly audit   '@nodelib/fs.scandir': [ '2.1.5' ],
688 silly audit   fastq: [ '1.20.3' ],
688 silly audit   'run-parallel': [ '1.2.0' ],
688 silly audit   reusify: [ '1.1.0' ],
688 silly audit   'to-regex-range': [ '5.0.1' ],
688 silly audit   'binary-extensions': [ '2.3.0' ],
688 silly audit   'is-extglob': [ '2.1.1' ],
688 silly audit   'read-cache': [ '1.0.2' ],
688 silly audit   'camelcase-css': [ '2.0.1' ],
688 silly audit   cssesc: [ '3.0.0' ],
688 silly audit   'util-deprecate': [ '1.0.2' ],
688 silly audit   'es-errors': [ '1.3.0' ],
688 silly audit   'is-core-module': [ '2.17.0' ],
688 silly audit   'path-parse': [ '1.0.7' ],
688 silly audit   'supports-preserve-symlinks-flag': [ '1.0.0' ],
688 silly audit   hasown: [ '2.0.4' ],
688 silly audit   'function-bind': [ '1.1.2' ],
688 silly audit   'queue-microtask': [ '1.2.3' ],
688 silly audit   '@jridgewell/gen-mapping': [ '0.3.13' ],
688 silly audit   commander: [ '4.1.1' ],
688 silly audit   'lines-and-columns': [ '1.2.4' ],
688 silly audit   mz: [ '2.7.0' ],
688 silly audit   pirates: [ '4.0.7' ],
688 silly audit   tinyglobby: [ '0.2.17' ],
688 silly audit   'ts-interface-checker': [ '0.1.13' ],
688 silly audit   '@jridgewell/sourcemap-codec': [ '1.6.0' ],
688 silly audit   '@jridgewell/trace-mapping': [ '0.3.31' ],
688 silly audit   '@jridgewell/resolve-uri': [ '3.1.2' ],
688 silly audit   'any-promise': [ '1.3.0' ],
688 silly audit   'object-assign': [ '4.1.1' ],
688 silly audit   'thenify-all': [ '1.6.0' ],
688 silly audit   thenify: [ '3.3.1' ],
688 silly audit   fdir: [ '6.5.0' ],
688 silly audit   'is-number': [ '7.0.0' ],
688 silly audit   escalade: [ '3.2.0' ],
688 silly audit   yaml: [ '2.9.1' ]
688 silly audit }
689 verbose reify failed optional dependency /home/user/node_modules/fsevents
690 silly reify mark deleted [ '/home/user/node_modules/fsevents' ]
691 verbose reify failed optional dependency /home/user/node_modules/@next/swc-win32-x64-msvc
692 silly reify mark deleted [ '/home/user/node_modules/@next/swc-win32-x64-msvc' ]
693 verbose reify failed optional dependency /home/user/node_modules/@next/swc-win32-ia32-msvc
694 silly reify mark deleted [ '/home/user/node_modules/@next/swc-win32-ia32-msvc' ]
695 verbose reify failed optional dependency /home/user/node_modules/@next/swc-win32-arm64-msvc
696 silly reify mark deleted [ '/home/user/node_modules/@next/swc-win32-arm64-msvc' ]
697 verbose reify failed optional dependency /home/user/node_modules/@next/swc-linux-x64-musl
698 silly reify mark deleted [ '/home/user/node_modules/@next/swc-linux-x64-musl' ]
699 verbose reify failed optional dependency /home/user/node_modules/@next/swc-linux-arm64-musl
700 silly reify mark deleted [ '/home/user/node_modules/@next/swc-linux-arm64-musl' ]
701 verbose reify failed optional dependency /home/user/node_modules/@next/swc-linux-arm64-gnu
702 silly reify mark deleted [ '/home/user/node_modules/@next/swc-linux-arm64-gnu' ]
703 verbose reify failed optional dependency /home/user/node_modules/@next/swc-darwin-x64
704 silly reify mark deleted [ '/home/user/node_modules/@next/swc-darwin-x64' ]
705 verbose reify failed optional dependency /home/user/node_modules/@next/swc-darwin-arm64
706 silly reify mark deleted [ '/home/user/node_modules/@next/swc-darwin-arm64' ]
707 silly tarball no local data for yaml@https://registry.npmjs.org/yaml/-/yaml-2.9.1.tgz. Extracting by manifest.
708 silly tarball no local data for escalade@https://registry.npmjs.org/escalade/-/escalade-3.2.0.tgz. Extracting by manifest.
709 silly tarball no local data for is-number@https://registry.npmjs.org/is-number/-/is-number-7.0.0.tgz. Extracting by manifest.
710 silly tarball no local data for thenify@https://registry.npmjs.org/thenify/-/thenify-3.3.1.tgz. Extracting by manifest.
711 silly tarball no local data for thenify-all@https://registry.npmjs.org/thenify-all/-/thenify-all-1.6.0.tgz. Extracting by manifest.
712 silly tarball no local data for object-assign@https://registry.npmjs.org/object-assign/-/object-assign-4.1.1.tgz. Extracting by manifest.
713 silly tarball no local data for any-promise@https://registry.npmjs.org/any-promise/-/any-promise-1.3.0.tgz. Extracting by manifest.
714 silly tarball no local data for @jridgewell/resolve-uri@https://registry.npmjs.org/@jridgewell/resolve-uri/-/resolve-uri-3.1.2.tgz. Extracting by manifest.
715 silly tarball no local data for @jridgewell/trace-mapping@https://registry.npmjs.org/@jridgewell/trace-mapping/-/trace-mapping-0.3.31.tgz. Extracting by manifest.
716 silly tarball no local data for @jridgewell/sourcemap-codec@https://registry.npmjs.org/@jridgewell/sourcemap-codec/-/sourcemap-codec-1.6.0.tgz. Extracting by manifest.
717 silly tarball no local data for ts-interface-checker@https://registry.npmjs.org/ts-interface-checker/-/ts-interface-checker-0.1.13.tgz. Extracting by manifest.
718 silly tarball no local data for tinyglobby@https://registry.npmjs.org/tinyglobby/-/tinyglobby-0.2.17.tgz. Extracting by manifest.
719 silly tarball no local data for pirates@https://registry.npmjs.org/pirates/-/pirates-4.0.7.tgz. Extracting by manifest.
720 silly tarball no local data for mz@https://registry.npmjs.org/mz/-/mz-2.7.0.tgz. Extracting by manifest.
721 silly tarball no local data for lines-and-columns@https://registry.npmjs.org/lines-and-columns/-/lines-and-columns-1.2.4.tgz. Extracting by manifest.
722 silly tarball no local data for commander@https://registry.npmjs.org/commander/-/commander-4.1.1.tgz. Extracting by manifest.
723 silly tarball no local data for @jridgewell/gen-mapping@https://registry.npmjs.org/@jridgewell/gen-mapping/-/gen-mapping-0.3.13.tgz. Extracting by manifest.
724 silly tarball no local data for queue-microtask@https://registry.npmjs.org/queue-microtask/-/queue-microtask-1.2.3.tgz. Extracting by manifest.
725 silly tarball no local data for function-bind@https://registry.npmjs.org/function-bind/-/function-bind-1.1.2.tgz. Extracting by manifest.
726 silly tarball no local data for hasown@https://registry.npmjs.org/hasown/-/hasown-2.0.4.tgz. Extracting by manifest.
727 silly tarball no local data for supports-preserve-symlinks-flag@https://registry.npmjs.org/supports-preserve-symlinks-flag/-/supports-preserve-symlinks-flag-1.0.0.tgz. Extracting by manifest.
728 silly tarball no local data for path-parse@https://registry.npmjs.org/path-parse/-/path-parse-1.0.7.tgz. Extracting by manifest.
729 silly tarball no local data for is-core-module@https://registry.npmjs.org/is-core-module/-/is-core-module-2.17.0.tgz. Extracting by manifest.
730 silly tarball no local data for es-errors@https://registry.npmjs.org/es-errors/-/es-errors-1.3.0.tgz. Extracting by manifest.
731 silly tarball no local data for util-deprecate@https://registry.npmjs.org/util-deprecate/-/util-deprecate-1.0.2.tgz. Extracting by manifest.
732 silly tarball no local data for cssesc@https://registry.npmjs.org/cssesc/-/cssesc-3.0.0.tgz. Extracting by manifest.
733 silly tarball no local data for camelcase-css@https://registry.npmjs.org/camelcase-css/-/camelcase-css-2.0.1.tgz. Extracting by manifest.
734 silly tarball no local data for read-cache@https://registry.npmjs.org/read-cache/-/read-cache-1.0.2.tgz. Extracting by manifest.
735 silly tarball no local data for is-extglob@https://registry.npmjs.org/is-extglob/-/is-extglob-2.1.1.tgz. Extracting by manifest.
736 silly tarball no local data for binary-extensions@https://registry.npmjs.org/binary-extensions/-/binary-extensions-2.3.0.tgz. Extracting by manifest.
737 silly tarball no local data for to-regex-range@https://registry.npmjs.org/to-regex-range/-/to-regex-range-5.0.1.tgz. Extracting by manifest.
738 silly tarball no local data for reusify@https://registry.npmjs.org/reusify/-/reusify-1.1.0.tgz. Extracting by manifest.
739 silly tarball no local data for run-parallel@https://registry.npmjs.org/run-parallel/-/run-parallel-1.2.0.tgz. Extracting by manifest.
740 silly tarball no local data for fastq@https://registry.npmjs.org/fastq/-/fastq-1.20.3.tgz. Extracting by manifest.
741 silly tarball no local data for @nodelib/fs.scandir@https://registry.npmjs.org/@nodelib/fs.scandir/-/fs.scandir-2.1.5.tgz. Extracting by manifest.
742 silly tarball no local data for merge2@https://registry.npmjs.org/merge2/-/merge2-1.4.1.tgz. Extracting by manifest.
743 silly tarball no local data for @nodelib/fs.walk@https://registry.npmjs.org/@nodelib/fs.walk/-/fs.walk-1.2.8.tgz. Extracting by manifest.
744 silly tarball no local data for @nodelib/fs.stat@https://registry.npmjs.org/@nodelib/fs.stat/-/fs.stat-2.0.5.tgz. Extracting by manifest.
745 silly tarball no local data for fill-range@https://registry.npmjs.org/fill-range/-/fill-range-7.1.1.tgz. Extracting by manifest.
746 silly tarball no local data for picomatch@https://registry.npmjs.org/picomatch/-/picomatch-2.3.2.tgz. Extracting by manifest.
747 silly tarball no local data for readdirp@https://registry.npmjs.org/readdirp/-/readdirp-3.6.0.tgz. Extracting by manifest.
748 silly tarball no local data for is-binary-path@https://registry.npmjs.org/is-binary-path/-/is-binary-path-2.1.0.tgz. Extracting by manifest.
749 silly tarball no local data for braces@https://registry.npmjs.org/braces/-/braces-3.0.3.tgz. Extracting by manifest.
750 silly tarball no local data for anymatch@https://registry.npmjs.org/anymatch/-/anymatch-3.1.3.tgz. Extracting by manifest.
751 silly tarball no local data for sucrase@https://registry.npmjs.org/sucrase/-/sucrase-3.35.1.tgz. Extracting by manifest.
752 silly tarball no local data for resolve@https://registry.npmjs.org/resolve/-/resolve-1.22.12.tgz. Extracting by manifest.
753 silly tarball no local data for postcss-selector-parser@https://registry.npmjs.org/postcss-selector-parser/-/postcss-selector-parser-6.1.4.tgz. Extracting by manifest.
754 silly tarball no local data for postcss-nested@https://registry.npmjs.org/postcss-nested/-/postcss-nested-6.2.0.tgz. Extracting by manifest.
755 silly tarball no local data for postcss-js@https://registry.npmjs.org/postcss-js/-/postcss-js-4.1.0.tgz. Extracting by manifest.
756 silly tarball no local data for postcss-import@https://registry.npmjs.org/postcss-import/-/postcss-import-15.1.0.tgz. Extracting by manifest.
757 silly tarball no local data for object-hash@https://registry.npmjs.org/object-hash/-/object-hash-3.0.0.tgz. Extracting by manifest.
758 silly tarball no local data for normalize-path@https://registry.npmjs.org/normalize-path/-/normalize-path-3.0.0.tgz. Extracting by manifest.
759 silly tarball no local data for micromatch@https://registry.npmjs.org/micromatch/-/micromatch-4.0.8.tgz. Extracting by manifest.
760 silly tarball no local data for lilconfig@https://registry.npmjs.org/lilconfig/-/lilconfig-2.1.0.tgz. Extracting by manifest.
761 silly tarball no local data for jiti@https://registry.npmjs.org/jiti/-/jiti-1.21.7.tgz. Extracting by manifest.
762 silly tarball no local data for is-glob@https://registry.npmjs.org/is-glob/-/is-glob-4.0.3.tgz. Extracting by manifest.
763 silly tarball no local data for glob-parent@https://registry.npmjs.org/glob-parent/-/glob-parent-6.0.2.tgz. Extracting by manifest.
764 silly tarball no local data for fast-glob@https://registry.npmjs.org/fast-glob/-/fast-glob-3.3.3.tgz. Extracting by manifest.
765 silly tarball no local data for dlv@https://registry.npmjs.org/dlv/-/dlv-1.1.3.tgz. Extracting by manifest.
766 silly tarball no local data for didyoumean@https://registry.npmjs.org/didyoumean/-/didyoumean-1.2.2.tgz. Extracting by manifest.
767 silly tarball no local data for chokidar@https://registry.npmjs.org/chokidar/-/chokidar-3.6.0.tgz. Extracting by manifest.
768 silly tarball no local data for arg@https://registry.npmjs.org/arg/-/arg-5.0.2.tgz. Extracting by manifest.
769 silly tarball no local data for @alloc/quick-lru@https://registry.npmjs.org/@alloc/quick-lru/-/quick-lru-5.3.0.tgz. Extracting by manifest.
770 silly tarball no local data for client-only@https://registry.npmjs.org/client-only/-/client-only-0.0.1.tgz. Extracting by manifest.
771 silly tarball no local data for scheduler@https://registry.npmjs.org/scheduler/-/scheduler-0.23.2.tgz. Extracting by manifest.
772 silly tarball no local data for js-tokens@https://registry.npmjs.org/js-tokens/-/js-tokens-4.0.0.tgz. Extracting by manifest.
773 silly tarball no local data for loose-envify@https://registry.npmjs.org/loose-envify/-/loose-envify-1.4.0.tgz. Extracting by manifest.
774 silly tarball no local data for source-map-js@https://registry.npmjs.org/source-map-js/-/source-map-js-1.2.1.tgz. Extracting by manifest.
775 silly tarball no local data for nanoid@https://registry.npmjs.org/nanoid/-/nanoid-3.3.19.tgz. Extracting by manifest.
776 silly tarball no local data for streamsearch@https://registry.npmjs.org/streamsearch/-/streamsearch-1.1.0.tgz. Extracting by manifest.
777 silly tarball no local data for tslib@https://registry.npmjs.org/tslib/-/tslib-2.8.1.tgz. Extracting by manifest.
778 silly tarball no local data for @swc/counter@https://registry.npmjs.org/@swc/counter/-/counter-0.1.3.tgz. Extracting by manifest.
779 silly tarball no local data for styled-jsx@https://registry.npmjs.org/styled-jsx/-/styled-jsx-5.1.1.tgz. Extracting by manifest.
780 silly tarball no local data for graceful-fs@https://registry.npmjs.org/graceful-fs/-/graceful-fs-4.2.11.tgz. Extracting by manifest.
781 silly tarball no local data for busboy@https://registry.npmjs.org/busboy/-/busboy-1.6.0.tgz. Extracting by manifest.
782 silly tarball no local data for @swc/helpers@https://registry.npmjs.org/@swc/helpers/-/helpers-0.5.5.tgz. Extracting by manifest.
783 silly tarball no local data for @next/swc-linux-x64-gnu@https://registry.npmjs.org/@next/swc-linux-x64-gnu/-/swc-linux-x64-gnu-14.2.5.tgz. Extracting by manifest.
784 silly tarball no local data for @next/env@https://registry.npmjs.org/@next/env/-/env-14.2.5.tgz. Extracting by manifest.
785 silly tarball no local data for update-browserslist-db@https://registry.npmjs.org/update-browserslist-db/-/update-browserslist-db-1.3.3.tgz. Extracting by manifest.
786 silly tarball no local data for node-releases@https://registry.npmjs.org/node-releases/-/node-releases-2.0.56.tgz. Extracting by manifest.
787 silly tarball no local data for electron-to-chromium@https://registry.npmjs.org/electron-to-chromium/-/electron-to-chromium-1.5.433.tgz. Extracting by manifest.
788 silly tarball no local data for baseline-browser-mapping@https://registry.npmjs.org/baseline-browser-mapping/-/baseline-browser-mapping-2.11.25.tgz. Extracting by manifest.
789 silly tarball no local data for postcss-value-parser@https://registry.npmjs.org/postcss-value-parser/-/postcss-value-parser-4.2.0.tgz. Extracting by manifest.
790 silly tarball no local data for picocolors@https://registry.npmjs.org/picocolors/-/picocolors-1.1.1.tgz. Extracting by manifest.
791 silly tarball no local data for normalize-range@https://registry.npmjs.org/normalize-range/-/normalize-range-0.1.2.tgz. Extracting by manifest.
792 silly tarball no local data for fraction.js@https://registry.npmjs.org/fraction.js/-/fraction.js-4.3.7.tgz. Extracting by manifest.
793 silly tarball no local data for caniuse-lite@https://registry.npmjs.org/caniuse-lite/-/caniuse-lite-1.0.30001810.tgz. Extracting by manifest.
794 silly tarball no local data for browserslist@https://registry.npmjs.org/browserslist/-/browserslist-4.29.0.tgz. Extracting by manifest.
795 silly tarball no local data for csstype@https://registry.npmjs.org/csstype/-/csstype-3.2.3.tgz. Extracting by manifest.
796 silly tarball no local data for @types/prop-types@https://registry.npmjs.org/@types/prop-types/-/prop-types-15.7.15.tgz. Extracting by manifest.
797 silly tarball no local data for undici-types@https://registry.npmjs.org/undici-types/-/undici-types-5.26.5.tgz. Extracting by manifest.
798 silly tarball no local data for typescript@https://registry.npmjs.org/typescript/-/typescript-5.4.5.tgz. Extracting by manifest.
799 silly tarball no local data for tailwindcss@https://registry.npmjs.org/tailwindcss/-/tailwindcss-3.4.3.tgz. Extracting by manifest.
800 silly tarball no local data for react-dom@https://registry.npmjs.org/react-dom/-/react-dom-18.3.1.tgz. Extracting by manifest.
801 silly tarball no local data for react@https://registry.npmjs.org/react/-/react-18.3.1.tgz. Extracting by manifest.
802 silly tarball no local data for next@https://registry.npmjs.org/next/-/next-14.2.5.tgz. Extracting by manifest.
803 silly tarball no local data for postcss@https://registry.npmjs.org/postcss/-/postcss-8.4.38.tgz. Extracting by manifest.
804 silly tarball no local data for autoprefixer@https://registry.npmjs.org/autoprefixer/-/autoprefixer-10.4.19.tgz. Extracting by manifest.
805 silly tarball no local data for @types/react-dom@https://registry.npmjs.org/@types/react-dom/-/react-dom-18.3.0.tgz. Extracting by manifest.
806 silly tarball no local data for @types/react@https://registry.npmjs.org/@types/react/-/react-18.3.3.tgz. Extracting by manifest.
807 silly tarball no local data for @types/node@https://registry.npmjs.org/@types/node/-/node-20.11.30.tgz. Extracting by manifest.
808 silly tarball no local data for picomatch@https://registry.npmjs.org/picomatch/-/picomatch-4.0.7.tgz. Extracting by manifest.
809 silly tarball no local data for fdir@https://registry.npmjs.org/fdir/-/fdir-6.5.0.tgz. Extracting by manifest.
810 silly tarball no local data for glob-parent@https://registry.npmjs.org/glob-parent/-/glob-parent-5.1.2.tgz. Extracting by manifest.
811 silly tarball no local data for glob-parent@https://registry.npmjs.org/glob-parent/-/glob-parent-5.1.2.tgz. Extracting by manifest.
812 silly tarball no local data for postcss-load-config@https://registry.npmjs.org/postcss-load-config/-/postcss-load-config-4.0.2.tgz. Extracting by manifest.
813 silly tarball no local data for lilconfig@https://registry.npmjs.org/lilconfig/-/lilconfig-3.1.3.tgz. Extracting by manifest.
814 silly tarball no local data for postcss@https://registry.npmjs.org/postcss/-/postcss-8.4.31.tgz. Extracting by manifest.
815 http fetch POST 200 https://registry.npmjs.org/-/npm/v1/security/advisories/bulk 274ms
816 silly audit report {
816 silly audit report   postcss: [
816 silly audit report     {
816 silly audit report       id: 1130709,
816 silly audit report       url: 'https://github.com/advisories/GHSA-fxqj-rqcc-2cmp',
816 silly audit report       title: 'PostCSS: incomplete fix of GHSA-6g55-p6wh-862q — attacker-controlled sourceMappingURL reads arbitrary .map files when `from` is unset',
816 silly audit report       severity: 'moderate',
816 silly audit report       vulnerable_versions: '<=8.5.22',
816 silly audit report       cwe: [Array],
816 silly audit report       cvss: [Object]
816 silly audit report     },
816 silly audit report     {
816 silly audit report       id: 1117015,
816 silly audit report       url: 'https://github.com/advisories/GHSA-qx2v-qp2m-jg93',
816 silly audit report       title: 'PostCSS has XSS via Unescaped </style> in its CSS Stringify Output',
816 silly audit report       severity: 'moderate',
816 silly audit report       vulnerable_versions: '<8.5.10',
816 silly audit report       cwe: [Array],
816 silly audit report       cvss: [Object]
816 silly audit report     },
816 silly audit report     {
816 silly audit report       id: 1124252,
816 silly audit report       url: 'https://github.com/advisories/GHSA-6g55-p6wh-862q',
816 silly audit report       title: 'PostCSS: Arbitrary file read and information disclosure via attacker-controlled sourceMappingURL in CSS comments',
816 silly audit report       severity: 'high',
816 silly audit report       vulnerable_versions: '<=8.5.11',
816 silly audit report       cwe: [Array],
816 silly audit report       cvss: [Object]
816 silly audit report     },
816 silly audit report     {
816 silly audit report       id: 1139510,
816 silly audit report       url: 'https://github.com/advisories/GHSA-r28c-9q8g-f849',
816 silly audit report       title: 'PostCSS: Path Traversal in Previous Source Map Auto-Loading (sourceMappingURL) leads to Arbitrary .map File Disclosure',
816 silly audit report       severity: 'high',
816 silly audit report       vulnerable_versions: '<=8.5.17',
816 silly audit report       cwe: [Array],
816 silly audit report       cvss: [Object]
816 silly audit report     }
816 silly audit report   ],
816 silly audit report   next: [
816 silly audit report     {
816 silly audit report       id: 1099638,
816 silly audit report       url: 'https://github.com/advisories/GHSA-gp8f-8m3g-qvj9',
816 silly audit report       title: 'Next.js Cache Poisoning',
816 silly audit report       severity: 'high',
816 silly audit report       vulnerable_versions: '>=14.0.0 <14.2.10',
816 silly audit report       cwe: [Array],
816 silly audit report       cvss: [Object]
816 silly audit report     },
816 silly audit report     {
816 silly audit report       id: 1100421,
816 silly audit report       url: 'https://github.com/advisories/GHSA-g77x-44xx-532m',
816 silly audit report       title: 'Denial of Service condition in Next.js image optimization',
816 silly audit report       severity: 'moderate',
816 silly audit report       vulnerable_versions: '>=10.0.0 <14.2.7',
816 silly audit report       cwe: [Array],
816 silly audit report       cvss: [Object]
816 silly audit report     },
816 silly audit report     {
816 silly audit report       id: 1117931,
816 silly audit report       url: 'https://github.com/advisories/GHSA-8h8q-6873-q5fj',
816 silly audit report       title: 'Next.js Vulnerable to Denial of Service with Server Components',
816 silly audit report       severity: 'high',
816 silly audit report       vulnerable_versions: '>=13.0.0 <15.5.16',
816 silly audit report       cwe: [Array],
816 silly audit report       cvss: [Object]
816 silly audit report     },
816 silly audit report     {
816 silly audit report       id: 1101438,
816 silly audit report       url: 'https://github.com/advisories/GHSA-7m27-7ghc-44w9',
816 silly audit report       title: 'Next.js Allows a Denial of Service (DoS) with Server Actions',
816 silly audit report       severity: 'moderate',
816 silly audit report       vulnerable_versions: '>=14.0.0 <14.2.21',
816 silly audit report       cwe: [Array],
816 silly audit report       cvss: [Object]
816 silly audit report     },
816 silly audit report     {
816 silly audit report       id: 1105461,
816 silly audit report       url: 'https://github.com/advisories/GHSA-3h52-269p-cp9r',
816 silly audit report       title: 'Information exposure in Next.js dev server due to lack of origin verification',
816 silly audit report       severity: 'low',
816 silly audit report       vulnerable_versions: '>=13.0 <14.2.30',
816 silly audit report       cwe: [Array],
816 silly audit report       cvss: [Object]
816 silly audit report     },
816 silly audit report     {
816 silly audit report       id: 1111391,
816 silly audit report       url: 'https://github.com/advisories/GHSA-mwv6-3258-q52c',
816 silly audit report       title: 'Next Vulnerable to Denial of Service with Server Components',
816 silly audit report       severity: 'high',
816 silly audit report       vulnerable_versions: '>=13.3.0 <14.2.34',
816 silly audit report       cwe: [Array],
816 silly audit report       cvss: [Object]
816 silly audit report     },
816 silly audit report     {
816 silly audit report       id: 1107226,
816 silly audit report       url: 'https://github.com/advisories/GHSA-g5qg-72qw-gw5v',
816 silly audit report       title: 'Next.js Affected by Cache Key Confusion for Image Optimization API Routes',
816 silly audit report       severity: 'moderate',
816 silly audit report       vulnerable_versions: '>=0.9.9 <14.2.31',
816 silly audit report       cwe: [Array],
816 silly audit report       cvss: [Object]
816 silly audit report     },
816 silly audit report     {
816 silly audit report       id: 1107420,
816 silly audit report       url: 'https://github.com/advisories/GHSA-7gfc-8cq8-jh5f',
816 silly audit report       title: 'Next.js authorization bypass vulnerability',
816 silly audit report       severity: 'high',
816 silly audit report       vulnerable_versions: '>=9.5.5 <14.2.15',
816 silly audit report       cwe: [Array],
816 silly audit report       cvss: [Object]
816 silly audit report     },
816 silly audit report     {
816 silly audit report       id: 1107512,
816 silly audit report       url: 'https://github.com/advisories/GHSA-4342-x723-ch2f',
816 silly audit report       title: 'Next.js Improper Middleware Redirect Handling Leads to SSRF',
816 silly audit report       severity: 'moderate',
816 silly audit report       vulnerable_versions: '>=0.9.9 <14.2.32',
816 silly audit report       cwe: [Array],
816 silly audit report       cvss: [Object]
816 silly audit report     },
816 silly audit report     {
816 silly audit report       id: 1107513,
816 silly audit report       url: 'https://github.com/advisories/GHSA-xv57-4mr9-wg8v',
816 silly audit report       title: 'Next.js Content Injection Vulnerability for Image Optimization',
816 silly audit report       severity: 'moderate',
816 silly audit report       vulnerable_versions: '>=0.9.9 <14.2.31',
816 silly audit report       cwe: [Array],
816 silly audit report       cvss: [Object]
816 silly audit report     },
816 silly audit report     {
816 silly audit report       id: 1112182,
816 silly audit report       url: 'https://github.com/advisories/GHSA-5j59-xgg2-r9c4',
816 silly audit report       title: 'Next has a Denial of Service with Server Components - Incomplete Fix Follow-Up',
816 silly audit report       severity: 'high',
816 silly audit report       vulnerable_versions: '>=13.3.1-canary.0 <14.2.35',
816 silly audit report       cwe: [Array],
816 silly audit report       cvss: [Object]
816 silly audit report     },
816 silly audit report     {
816 silly audit report       id: 1108291,
816 silly audit report       url: 'https://github.com/advisories/GHSA-qpjv-v59x-3qc4',
816 silly audit report       title: 'Next.js Race Condition to Cache Poisoning',
816 silly audit report       severity: 'low',
816 silly audit report       vulnerable_versions: '>=0.9.9 <14.2.24',
816 silly audit report       cwe: [Array],
816 silly audit report       cvss: [Object]
816 silly audit report     },
816 silly audit report     {
816 silly audit report       id: 1118942,
816 silly audit report       url: 'https://github.com/advisories/GHSA-3g8h-86w9-wvmq',
816 silly audit report       title: "Next.js's Middleware / Proxy redirects can be cache-poisoned",
816 silly audit report       severity: 'low',
816 silly audit report       vulnerable_versions: '>=12.2.0 <15.5.16',
816 silly audit report       cwe: [Array],
816 silly audit report       cvss: [Object]
816 silly audit report     },
816 silly audit report     {
816 silly audit report       id: 1118944,
816 silly audit report       url: 'https://github.com/advisories/GHSA-ffhc-5mcf-pf4q',
816 silly audit report       title: 'Next.js vulnerable to cross-site scripting in App Router applications using CSP nonces',
816 silly audit report       severity: 'moderate',
816 silly audit report       vulnerable_versions: '>=13.4.0 <15.5.16',
816 silly audit report       cwe: [Array],
816 silly audit report       cvss: [Object]
816 silly audit report     },
816 silly audit report     {
816 silly audit report       id: 1118946,
816 silly audit report       url: 'https://github.com/advisories/GHSA-vfv6-92ff-j949',
816 silly audit report       title: 'Next.js vulnerable to cache poisoning via collisions in React Server Component cache-busting',
816 silly audit report       severity: 'low',
816 silly audit report       vulnerable_versions: '>=13.4.6 <15.5.16',
816 silly audit report       cwe: [Array],
816 silly audit report       cvss: [Object]
816 silly audit report     },
816 silly audit report     {
816 silly audit report       id: 1118948,
816 silly audit report       url: 'https://github.com/advisories/GHSA-gx5p-jg67-6x7h',
816 silly audit report       title: 'Next.js has cross-site scripting in beforeInteractive scripts with untrusted input',
816 silly audit report       severity: 'moderate',
816 silly audit report       vulnerable_versions: '>=13.0.0 <15.5.16',
816 silly audit report       cwe: [Array],
816 silly audit report       cvss: [Object]
816 silly audit report     },
816 silly audit report     {
816 silly audit report       id: 1118952,
816 silly audit report       url: 'https://github.com/advisories/GHSA-h64f-5h5j-jqjh',
816 silly audit report       title: 'Next.js has a Denial of Service in the Image Optimization API',
816 silly audit report       severity: 'moderate',
816 silly audit report       vulnerable_versions: '>=10.0.0 <15.5.16',
816 silly audit report       cwe: [Array],
816 silly audit report       cvss: [Object]
816 silly audit report     },
816 silly audit report     {
816 silly audit report       id: 1118954,
816 silly audit report       url: 'https://github.com/advisories/GHSA-c4j6-fc7j-m34r',
816 silly audit report       title: 'Next.js vulnerable to server-side request forgery in applications using WebSocket upgrades',
816 silly audit report       severity: 'high',
816 silly audit report       vulnerable_versions: '>=13.4.13 <15.5.16',
816 silly audit report       cwe: [Array],
816 silly audit report       cvss: [Object]
816 silly audit report     },
816 silly audit report     {
816 silly audit report       id: 1118958,
816 silly audit report       url: 'https://github.com/advisories/GHSA-wfc6-r584-vfw7',
816 silly audit report       title: 'Next.js vulnerable to cache poisoning in React Server Component responses',
816 silly audit report       severity: 'moderate',
816 silly audit report       vulnerable_versions: '>=14.2.0 <15.5.16',
816 silly audit report       cwe: [Array],
816 silly audit report       cvss: [Object]
816 silly audit report     },
816 silly audit report     {
816 silly audit report       id: 1118962,
816 silly audit report       url: 'https://github.com/advisories/GHSA-36qx-fr4f-26g5',
816 silly audit report       title: 'Next.js has a Middleware / Proxy bypass in Pages Router applications using i18n',
816 silly audit report       severity: 'high',
816 silly audit report       vulnerable_versions: '>=12.2.0 <15.5.16',
816 silly audit report       cwe: [Array],
816 silly audit report       cvss: [Object]
816 silly audit report     },
816 silly audit report     {
816 silly audit report       id: 1112593,
816 silly audit report       url: 'https://github.com/advisories/GHSA-9g9p-9gw9-jx7f',
816 silly audit report       title: 'Next.js self-hosted applications vulnerable to DoS via Image Optimizer remotePatterns configuration',
816 silly audit report       severity: 'moderate',
816 silly audit report       vulnerable_versions: '>=10.0.0 <15.5.10',
816 silly audit report       cwe: [Array],
816 silly audit report       cvss: [Object]
816 silly audit report     },
816 silly audit report     {
816 silly audit report       id: 1112653,
816 silly audit report       url: 'https://github.com/advisories/GHSA-h25m-26qc-wcjf',
816 silly audit report       title: 'Next.js HTTP request deserialization can lead to DoS when using insecure React Server Components',
816 silly audit report       severity: 'high',
816 silly audit report       vulnerable_versions: '>=13.0.0 <15.0.8',
816 silly audit report       cwe: [Array],
816 silly audit report       cvss: [Object]
816 silly audit report     },
816 silly audit report     {
816 silly audit report       id: 1113689,
816 silly audit report       url: 'https://github.com/advisories/GHSA-f82v-jwr5-mffw',
816 silly audit report       title: 'Authorization Bypass in Next.js Middleware',
816 silly audit report       severity: 'critical',
816 silly audit report       vulnerable_versions: '>=14.0.0 <14.2.25',
816 silly audit report       cwe: [Array],
816 silly audit report       cvss: [Object]
816 silly audit report     },
816 silly audit report     {
816 silly audit report       id: 1114897,
816 silly audit report       url: 'https://github.com/advisories/GHSA-ggv3-7p47-pfv8',
816 silly audit report       title: 'Next.js: HTTP request smuggling in rewrites',
816 silly audit report       severity: 'moderate',
816 silly audit report       vulnerable_versions: '>=9.5.0 <15.5.13',
816 silly audit report       cwe: [Array],
816 silly audit report       cvss: [Object]
816 silly audit report     },
816 silly audit report     {
816 silly audit report       id: 1114940,
816 silly audit report       url: 'https://github.com/advisories/GHSA-3x4c-7xq6-9pq8',
816 silly audit report       title: 'Next.js: Unbounded next/image disk cache growth can exhaust storage',
816 silly audit report       severity: 'moderate',
816 silly audit report       vulnerable_versions: '>=10.0.0 <15.5.14',
816 silly audit report       cwe: [Array],
816 silly audit report       cvss: [Object]
816 silly audit report     },
816 silly audit report     {
816 silly audit report       id: 1116376,
816 silly audit report       url: 'https://github.com/advisories/GHSA-q4gf-8mx6-v5v3',
816 silly audit report       title: 'Next.js has a Denial of Service with Server Components',
816 silly audit report       severity: 'high',
816 silly audit report       vulnerable_versions: '>=13.0.0 <15.5.15',
816 silly audit report       cwe: [Array],
816 silly audit report       cvss: [Object]
816 silly audit report     },
816 silly audit report     {
816 silly audit report       id: 1124185,
816 silly audit report       url: 'https://github.com/advisories/GHSA-89xv-2m56-2m9x',
816 silly audit report       title: 'Next.js: Server-Side Request Forgery in Server Actions on custom servers',
816 silly audit report       severity: 'high',
816 silly audit report       vulnerable_versions: '>=14.1.1 <15.5.21',
816 silly audit report       cwe: [Array],
816 silly audit report       cvss: [Object]
816 silly audit report     },
816 silly audit report     {
816 silly audit report       id: 1124172,
816 silly audit report       url: 'https://github.com/advisories/GHSA-m99w-x7hq-7vfj',
816 silly audit report       title: 'Next.js: Denial of Service in App Router using Server Actions',
816 silly audit report       severity: 'high',
816 silly audit report       vulnerable_versions: '>=13.0.0 <15.5.21',
816 silly audit report       cwe: [Array],
816 silly audit report       cvss: [Object]
816 silly audit report     },
816 silly audit report     {
816 silly audit report       id: 1124187,
816 silly audit report       url: 'https://github.com/advisories/GHSA-68g3-v927-f742',
816 silly audit report       title: 'Next.js: Cache confusion of response bodies for requests with bodies',
816 silly audit report       severity: 'moderate',
816 silly audit report       vulnerable_versions: '>=13.0.0 <15.5.21',
816 silly audit report       cwe: [Array],
816 silly audit report       cvss: [Object]
816 silly audit report     },
816 silly audit report     {
816 silly audit report       id: 1124189,
816 silly audit report       url: 'https://github.com/advisories/GHSA-4633-3j49-mh5q',
816 silly audit report       title: 'Next.js: Cache confusion of response bodies for requests with bodies containing invalid UTF-8 byte sequences',
816 silly audit report       severity: 'moderate',
816 silly audit report       vulnerable_versions: '>=13.0.0 <15.5.21',
816 silly audit report       cwe: [Array],
816 silly audit report       cvss: [Object]
816 silly audit report     },
816 silly audit report     {
816 silly audit report       id: 1124191,
816 silly audit report       url: 'https://github.com/advisories/GHSA-4c39-4ccg-62r3',
816 silly audit report       title: 'Next.js: Unbounded Server Action payload in Edge runtime',
816 silly audit report       severity: 'moderate',
816 silly audit report       vulnerable_versions: '>=13.0.0 <15.5.21',
816 silly audit report       cwe: [Array],
816 silly audit report       cvss: [Object]
816 silly audit report     },
816 silly audit report     {
816 silly audit report       id: 1124193,
816 silly audit report       url: 'https://github.com/advisories/GHSA-p9j2-gv94-2wf4',
816 silly audit report       title: 'Next.js: Server-Side Request Forgery in rewrites via attacker-controlled destination hostname',
816 silly audit report       severity: 'high',
816 silly audit report       vulnerable_versions: '>=12.0.0 <15.5.21',
816 silly audit report       cwe: [Array],
816 silly audit report       cvss: [Object]
816 silly audit report     },
816 silly audit report     {
816 silly audit report       id: 1124197,
816 silly audit report       url: 'https://github.com/advisories/GHSA-955p-x3mx-jcvp',
816 silly audit report       title: 'Next.js: Unauthenticated disclosure of internal Server Function endpoints',
816 silly audit report       severity: 'moderate',
816 silly audit report       vulnerable_versions: '>=13.0.0 <15.5.21',
816 silly audit report       cwe: [Array],
816 silly audit report       cvss: [Object]
816 silly audit report     },
816 silly audit report     {
816 silly audit report       id: 1193677,
816 silly audit report       url: 'https://github.com/advisories/GHSA-p293-qw3h-jr36',
816 silly audit report       title: 'Next.js: Unauthenticated Remote Code Execution on windows-hosted servers',
816 silly audit report       severity: 'critical',
816 silly audit report       vulnerable_versions: '>=13.4.0 <15.5.24',
816 silly audit report       cwe: [Array],
816 silly audit report       cvss: [Object]
816 silly audit report     },
816 silly audit report     {
816 silly audit report       id: 1193733,
816 silly audit report       url: 'https://github.com/advisories/GHSA-2xp9-vwfh-vxw4',
816 silly audit report       title: 'Next.js: Unauthenticated Remote Code Execution in Image Optimization API when AVIF files are used',
816 silly audit report       severity: 'critical',
816 silly audit report       vulnerable_versions: '>=10.0.0 <15.5.24',
816 silly audit report       cwe: [Array],
816 silly audit report       cvss: [Object]
816 silly audit report     }
816 silly audit report   ]
816 silly audit report }
817 silly packumentCache corgi:https://registry.npmjs.org/postcss cache-miss
818 silly packumentCache corgi:https://registry.npmjs.org/next cache-miss
819 http fetch GET 200 https://registry.npmjs.org/lines-and-columns/-/lines-and-columns-1.2.4.tgz 267ms (cache miss)
820 http fetch GET 200 https://registry.npmjs.org/commander/-/commander-4.1.1.tgz 288ms (cache miss)
821 http fetch GET 200 https://registry.npmjs.org/escalade/-/escalade-3.2.0.tgz 347ms (cache miss)
822 http fetch GET 200 https://registry.npmjs.org/thenify-all/-/thenify-all-1.6.0.tgz 346ms (cache miss)
823 http fetch GET 200 https://registry.npmjs.org/object-assign/-/object-assign-4.1.1.tgz 622ms (cache miss)
824 http fetch GET 200 https://registry.npmjs.org/queue-microtask/-/queue-microtask-1.2.3.tgz 670ms (cache miss)
825 http fetch GET 200 https://registry.npmjs.org/thenify/-/thenify-3.3.1.tgz 679ms (cache miss)
826 http fetch GET 200 https://registry.npmjs.org/hasown/-/hasown-2.0.4.tgz 671ms (cache miss)
827 http fetch GET 200 https://registry.npmjs.org/supports-preserve-symlinks-flag/-/supports-preserve-symlinks-flag-1.0.0.tgz 721ms (cache miss)
828 http fetch GET 200 https://registry.npmjs.org/fastq/-/fastq-1.20.3.tgz 712ms (cache miss)
829 http fetch GET 200 https://registry.npmjs.org/is-number/-/is-number-7.0.0.tgz 755ms (cache miss)
830 http fetch GET 200 https://registry.npmjs.org/pirates/-/pirates-4.0.7.tgz 765ms (cache miss)
831 http fetch GET 200 https://registry.npmjs.org/path-parse/-/path-parse-1.0.7.tgz 758ms (cache miss)
832 http fetch GET 200 https://registry.npmjs.org/read-cache/-/read-cache-1.0.2.tgz 772ms (cache miss)
833 http fetch GET 200 https://registry.npmjs.org/util-deprecate/-/util-deprecate-1.0.2.tgz 788ms (cache miss)
834 http fetch GET 200 https://registry.npmjs.org/mz/-/mz-2.7.0.tgz 808ms (cache miss)
835 http fetch GET 200 https://registry.npmjs.org/merge2/-/merge2-1.4.1.tgz 792ms (cache miss)
836 http fetch GET 200 https://registry.npmjs.org/camelcase-css/-/camelcase-css-2.0.1.tgz 799ms (cache miss)
837 http fetch GET 200 https://registry.npmjs.org/fill-range/-/fill-range-7.1.1.tgz 791ms (cache miss)
838 http fetch GET 200 https://registry.npmjs.org/is-extglob/-/is-extglob-2.1.1.tgz 817ms (cache miss)
839 http fetch GET 200 https://registry.npmjs.org/binary-extensions/-/binary-extensions-2.3.0.tgz 815ms (cache miss)
840 http fetch GET 200 https://registry.npmjs.org/tinyglobby/-/tinyglobby-0.2.17.tgz 830ms (cache miss)
841 http fetch GET 200 https://registry.npmjs.org/is-binary-path/-/is-binary-path-2.1.0.tgz 810ms (cache miss)
842 http fetch GET 200 https://registry.npmjs.org/cssesc/-/cssesc-3.0.0.tgz 838ms (cache miss)
843 http fetch GET 200 https://registry.npmjs.org/run-parallel/-/run-parallel-1.2.0.tgz 833ms (cache miss)
844 http fetch GET 200 https://registry.npmjs.org/readdirp/-/readdirp-3.6.0.tgz 830ms (cache miss)
845 http fetch GET 200 https://registry.npmjs.org/normalize-path/-/normalize-path-3.0.0.tgz 842ms (cache miss)
846 http fetch GET 200 https://registry.npmjs.org/lilconfig/-/lilconfig-2.1.0.tgz 841ms (cache miss)
847 http fetch GET 200 https://registry.npmjs.org/glob-parent/-/glob-parent-6.0.2.tgz 841ms (cache miss)
848 http fetch GET 200 https://registry.npmjs.org/@jridgewell/resolve-uri/-/resolve-uri-3.1.2.tgz 885ms (cache miss)
849 http fetch GET 200 https://registry.npmjs.org/anymatch/-/anymatch-3.1.3.tgz 862ms (cache miss)
850 http fetch GET 200 https://registry.npmjs.org/postcss-import/-/postcss-import-15.1.0.tgz 859ms (cache miss)
851 http fetch GET 200 https://registry.npmjs.org/dlv/-/dlv-1.1.3.tgz 854ms (cache miss)
852 http fetch GET 200 https://registry.npmjs.org/client-only/-/client-only-0.0.1.tgz 850ms (cache miss)
853 http fetch GET 200 https://registry.npmjs.org/function-bind/-/function-bind-1.1.2.tgz 892ms (cache miss)
854 http fetch GET 200 https://registry.npmjs.org/postcss-nested/-/postcss-nested-6.2.0.tgz 872ms (cache miss)
855 http fetch GET 200 https://registry.npmjs.org/to-regex-range/-/to-regex-range-5.0.1.tgz 891ms (cache miss)
856 http fetch GET 200 https://registry.npmjs.org/reusify/-/reusify-1.1.0.tgz 890ms (cache miss)
857 http fetch GET 200 https://registry.npmjs.org/is-core-module/-/is-core-module-2.17.0.tgz 898ms (cache miss)
858 http fetch GET 200 https://registry.npmjs.org/is-glob/-/is-glob-4.0.3.tgz 877ms (cache miss)
859 http fetch GET 200 https://registry.npmjs.org/@swc/counter/-/counter-0.1.3.tgz 867ms (cache miss)
860 http fetch GET 200 https://registry.npmjs.org/normalize-range/-/normalize-range-0.1.2.tgz 860ms (cache miss)
861 http fetch GET 200 https://registry.npmjs.org/postcss-js/-/postcss-js-4.1.0.tgz 892ms (cache miss)
862 http fetch GET 200 https://registry.npmjs.org/didyoumean/-/didyoumean-1.2.2.tgz 887ms (cache miss)
863 http fetch GET 200 https://registry.npmjs.org/loose-envify/-/loose-envify-1.4.0.tgz 881ms (cache miss)
864 http fetch GET 200 https://registry.npmjs.org/node-releases/-/node-releases-2.0.56.tgz 872ms (cache miss)
865 http fetch GET 200 https://registry.npmjs.org/graceful-fs/-/graceful-fs-4.2.11.tgz 887ms (cache miss)
866 http fetch GET 200 https://registry.npmjs.org/glob-parent/-/glob-parent-5.1.2.tgz 876ms (cache miss)
867 http fetch GET 200 https://registry.npmjs.org/es-errors/-/es-errors-1.3.0.tgz 933ms (cache miss)
868 http fetch GET 200 https://registry.npmjs.org/@alloc/quick-lru/-/quick-lru-5.3.0.tgz 906ms (cache miss)
869 http fetch GET 200 https://registry.npmjs.org/picocolors/-/picocolors-1.1.1.tgz 893ms (cache miss)
870 http fetch GET 200 https://registry.npmjs.org/@next/env/-/env-14.2.5.tgz 899ms (cache miss)
871 http fetch GET 200 https://registry.npmjs.org/browserslist/-/browserslist-4.29.0.tgz 891ms (cache miss)
872 http fetch GET 200 https://registry.npmjs.org/@types/prop-types/-/prop-types-15.7.15.tgz 891ms (cache miss)
873 http fetch GET 200 https://registry.npmjs.org/arg/-/arg-5.0.2.tgz 919ms (cache miss)
874 http fetch GET 200 https://registry.npmjs.org/js-tokens/-/js-tokens-4.0.0.tgz 916ms (cache miss)
875 http fetch GET 200 https://registry.npmjs.org/postcss-value-parser/-/postcss-value-parser-4.2.0.tgz 908ms (cache miss)
876 http fetch GET 200 https://registry.npmjs.org/@types/react-dom/-/react-dom-18.3.0.tgz 902ms (cache miss)
877 http fetch GET 200 https://registry.npmjs.org/@nodelib/fs.stat/-/fs.stat-2.0.5.tgz 948ms (cache miss)
878 http fetch GET 200 https://registry.npmjs.org/postcss-load-config/-/postcss-load-config-4.0.2.tgz 910ms (cache miss)
879 http fetch GET 200 https://registry.npmjs.org/glob-parent/-/glob-parent-5.1.2.tgz 918ms (cache miss)
880 http fetch GET 200 https://registry.npmjs.org/lilconfig/-/lilconfig-3.1.3.tgz 918ms (cache miss)
881 http fetch GET 200 https://registry.npmjs.org/ts-interface-checker/-/ts-interface-checker-0.1.13.tgz 985ms (cache miss)
882 http fetch GET 200 https://registry.npmjs.org/any-promise/-/any-promise-1.3.0.tgz 1005ms (cache miss)
883 http fetch GET 200 https://registry.npmjs.org/streamsearch/-/streamsearch-1.1.0.tgz 979ms (cache miss)
884 http fetch GET 200 https://registry.npmjs.org/update-browserslist-db/-/update-browserslist-db-1.3.3.tgz 974ms (cache miss)
885 http fetch GET 200 https://registry.npmjs.org/object-hash/-/object-hash-3.0.0.tgz 1006ms (cache miss)
886 http fetch GET 200 https://registry.npmjs.org/micromatch/-/micromatch-4.0.8.tgz 1005ms (cache miss)
887 http fetch GET 200 https://registry.npmjs.org/tslib/-/tslib-2.8.1.tgz 1002ms (cache miss)
888 http fetch GET 200 https://registry.npmjs.org/nanoid/-/nanoid-3.3.19.tgz 1017ms (cache miss)
889 http fetch GET 200 https://registry.npmjs.org/fdir/-/fdir-6.5.0.tgz 999ms (cache miss)
890 http fetch GET 200 https://registry.npmjs.org/@nodelib/fs.scandir/-/fs.scandir-2.1.5.tgz 1046ms (cache miss)
891 http fetch GET 200 https://registry.npmjs.org/picomatch/-/picomatch-2.3.2.tgz 1049ms (cache miss)
892 http fetch GET 200 https://registry.npmjs.org/braces/-/braces-3.0.3.tgz 1049ms (cache miss)
893 http fetch GET 200 https://registry.npmjs.org/fraction.js/-/fraction.js-4.3.7.tgz 1025ms (cache miss)
894 http fetch GET 200 https://registry.npmjs.org/@jridgewell/gen-mapping/-/gen-mapping-0.3.13.tgz 1075ms (cache miss)
895 http fetch GET 200 https://registry.npmjs.org/@nodelib/fs.walk/-/fs.walk-1.2.8.tgz 1063ms (cache miss)
896 http fetch GET 200 https://registry.npmjs.org/chokidar/-/chokidar-3.6.0.tgz 1065ms (cache miss)
897 http fetch GET 200 https://registry.npmjs.org/baseline-browser-mapping/-/baseline-browser-mapping-2.11.25.tgz 1052ms (cache miss)
898 http fetch GET 200 https://registry.npmjs.org/picomatch/-/picomatch-4.0.7.tgz 1044ms (cache miss)
899 http fetch GET 200 https://registry.npmjs.org/scheduler/-/scheduler-0.23.2.tgz 1097ms (cache miss)
900 http fetch GET 200 https://registry.npmjs.org/busboy/-/busboy-1.6.0.tgz 1110ms (cache miss)
901 http fetch GET 200 https://registry.npmjs.org/electron-to-chromium/-/electron-to-chromium-1.5.433.tgz 1109ms (cache miss)
902 http fetch GET 200 https://registry.npmjs.org/source-map-js/-/source-map-js-1.2.1.tgz 1121ms (cache miss)
903 http fetch GET 200 https://registry.npmjs.org/undici-types/-/undici-types-5.26.5.tgz 1110ms (cache miss)
904 http fetch GET 200 https://registry.npmjs.org/postcss 995ms (cache miss)
905 silly packumentCache corgi:https://registry.npmjs.org/postcss set size:undefined disposed:false
906 http fetch GET 200 https://registry.npmjs.org/@jridgewell/sourcemap-codec/-/sourcemap-codec-1.6.0.tgz 1193ms (cache miss)
907 http fetch GET 200 https://registry.npmjs.org/@types/react/-/react-18.3.3.tgz 1142ms (cache miss)
908 http fetch GET 200 https://registry.npmjs.org/postcss-selector-parser/-/postcss-selector-parser-6.1.4.tgz 1185ms (cache miss)
909 http fetch GET 200 https://registry.npmjs.org/react/-/react-18.3.1.tgz 1153ms (cache miss)
910 http fetch GET 200 https://registry.npmjs.org/@jridgewell/trace-mapping/-/trace-mapping-0.3.31.tgz 1240ms (cache miss)
911 http fetch GET 200 https://registry.npmjs.org/fast-glob/-/fast-glob-3.3.3.tgz 1231ms (cache miss)
912 http fetch GET 200 https://registry.npmjs.org/postcss/-/postcss-8.4.38.tgz 1211ms (cache miss)
913 http fetch GET 200 https://registry.npmjs.org/postcss/-/postcss-8.4.31.tgz 1209ms (cache miss)
914 http fetch GET 200 https://registry.npmjs.org/styled-jsx/-/styled-jsx-5.1.1.tgz 1249ms (cache miss)
915 http fetch GET 200 https://registry.npmjs.org/csstype/-/csstype-3.2.3.tgz 1249ms (cache miss)
916 http fetch GET 200 https://registry.npmjs.org/autoprefixer/-/autoprefixer-10.4.19.tgz 1251ms (cache miss)
917 http fetch GET 200 https://registry.npmjs.org/jiti/-/jiti-1.21.7.tgz 1364ms (cache miss)
918 http fetch GET 200 https://registry.npmjs.org/@types/node/-/node-20.11.30.tgz 1408ms (cache miss)
919 http fetch GET 200 https://registry.npmjs.org/resolve/-/resolve-1.22.12.tgz 1463ms (cache miss)
920 http fetch GET 200 https://registry.npmjs.org/yaml/-/yaml-2.9.1.tgz 1580ms (cache miss)
921 http fetch GET 200 https://registry.npmjs.org/react-dom/-/react-dom-18.3.1.tgz 1518ms (cache miss)
922 http fetch GET 200 https://registry.npmjs.org/sucrase/-/sucrase-3.35.1.tgz 1577ms (cache miss)
923 http fetch GET 200 https://registry.npmjs.org/@swc/helpers/-/helpers-0.5.5.tgz 1824ms (cache miss)
924 http fetch GET 200 https://registry.npmjs.org/tailwindcss/-/tailwindcss-3.4.3.tgz 1821ms (cache miss)
925 http fetch GET 200 https://registry.npmjs.org/caniuse-lite/-/caniuse-lite-1.0.30001810.tgz 1952ms (cache miss)
926 http fetch GET 200 https://registry.npmjs.org/next 2072ms (cache miss)
927 silly packumentCache corgi:https://registry.npmjs.org/next set size:undefined disposed:false
928 silly packumentCache corgi:https://registry.npmjs.org/autoprefixer cache-miss
929 silly packumentCache corgi:https://registry.npmjs.org/tailwindcss cache-miss
930 silly packumentCache corgi:https://registry.npmjs.org/postcss-import cache-miss
931 silly packumentCache corgi:https://registry.npmjs.org/postcss-js cache-miss
932 silly packumentCache corgi:https://registry.npmjs.org/postcss-load-config cache-miss
933 silly packumentCache corgi:https://registry.npmjs.org/postcss-nested cache-miss
934 http fetch GET 200 https://registry.npmjs.org/postcss-load-config 212ms (cache miss)
935 silly packumentCache corgi:https://registry.npmjs.org/postcss-load-config set size:undefined disposed:false
936 http fetch GET 200 https://registry.npmjs.org/postcss-js 216ms (cache miss)
937 silly packumentCache corgi:https://registry.npmjs.org/postcss-js set size:undefined disposed:false
938 http fetch GET 200 https://registry.npmjs.org/postcss-import 240ms (cache miss)
939 silly packumentCache corgi:https://registry.npmjs.org/postcss-import set size:undefined disposed:false
940 http fetch GET 200 https://registry.npmjs.org/postcss-nested 248ms (cache miss)
941 silly packumentCache corgi:https://registry.npmjs.org/postcss-nested set size:undefined disposed:false
942 http fetch GET 200 https://registry.npmjs.org/autoprefixer 278ms (cache miss)
943 silly packumentCache corgi:https://registry.npmjs.org/autoprefixer set size:undefined disposed:false
944 http fetch GET 200 https://registry.npmjs.org/tailwindcss 409ms (cache miss)
945 silly packumentCache corgi:https://registry.npmjs.org/tailwindcss set size:undefined disposed:false
946 http fetch GET 200 https://registry.npmjs.org/typescript/-/typescript-5.4.5.tgz 6566ms (cache miss)
947 http fetch GET 200 https://registry.npmjs.org/@next/swc-linux-x64-gnu/-/swc-linux-x64-gnu-14.2.5.tgz 8267ms (cache miss)
948 http fetch GET 200 https://registry.npmjs.org/next/-/next-14.2.5.tgz 9704ms (cache miss)
949 warn deprecated next@14.2.5: This version has a security vulnerability. Please upgrade to a patched version. See https://nextjs.org/blog/security-update-2025-12-11 for more details.
950 silly ADD node_modules/yaml
951 silly ADD node_modules/escalade
952 silly ADD node_modules/is-number
953 silly ADD node_modules/thenify
954 silly ADD node_modules/thenify-all
955 silly ADD node_modules/object-assign
956 silly ADD node_modules/any-promise
957 silly ADD node_modules/@jridgewell/resolve-uri
958 silly ADD node_modules/@jridgewell/trace-mapping
959 silly ADD node_modules/@jridgewell/sourcemap-codec
960 silly ADD node_modules/ts-interface-checker
961 silly ADD node_modules/tinyglobby
962 silly ADD node_modules/tinyglobby/node_modules/picomatch
963 silly ADD node_modules/tinyglobby/node_modules/fdir
964 silly ADD node_modules/pirates
965 silly ADD node_modules/mz
966 silly ADD node_modules/lines-and-columns
967 silly ADD node_modules/commander
968 silly ADD node_modules/@jridgewell/gen-mapping
969 silly ADD node_modules/queue-microtask
970 silly ADD node_modules/function-bind
971 silly ADD node_modules/hasown
972 silly ADD node_modules/supports-preserve-symlinks-flag
973 silly ADD node_modules/path-parse
974 silly ADD node_modules/is-core-module
975 silly ADD node_modules/es-errors
976 silly ADD node_modules/util-deprecate
977 silly ADD node_modules/cssesc
978 silly ADD node_modules/camelcase-css
979 silly ADD node_modules/read-cache
980 silly ADD node_modules/is-extglob
981 silly ADD node_modules/binary-extensions
982 silly ADD node_modules/to-regex-range
983 silly ADD node_modules/reusify
984 silly ADD node_modules/run-parallel
985 silly ADD node_modules/fastq
986 silly ADD node_modules/@nodelib/fs.scandir
987 silly ADD node_modules/merge2
988 silly ADD node_modules/@nodelib/fs.walk
989 silly ADD node_modules/@nodelib/fs.stat
990 silly ADD node_modules/fill-range
991 silly ADD node_modules/picomatch
992 silly ADD node_modules/readdirp
993 silly ADD node_modules/is-binary-path
994 silly ADD
995 silly ADD node_modules/braces
996 silly ADD node_modules/anymatch
997 silly ADD node_modules/sucrase
998 silly ADD node_modules/resolve
999 silly ADD node_modules/postcss-selector-parser
1000 silly ADD node_modules/postcss-nested
1001 silly ADD node_modules/postcss-js
1002 silly ADD node_modules/postcss-import
1003 silly ADD node_modules/object-hash
1004 silly ADD node_modules/normalize-path
1005 silly ADD node_modules/micromatch
1006 silly ADD node_modules/lilconfig
1007 silly ADD node_modules/jiti
1008 silly ADD node_modules/is-glob
1009 silly ADD node_modules/glob-parent
1010 silly ADD node_modules/fast-glob
1011 silly ADD node_modules/fast-glob/node_modules/glob-parent
1012 silly ADD node_modules/dlv
1013 silly ADD node_modules/didyoumean
1014 silly ADD node_modules/chokidar
1015 silly ADD node_modules/chokidar/node_modules/glob-parent
1016 silly ADD node_modules/arg
1017 silly ADD node_modules/@alloc/quick-lru
1018 silly ADD node_modules/client-only
1019 silly ADD node_modules/scheduler
1020 silly ADD node_modules/js-tokens
1021 silly ADD node_modules/loose-envify
1022 silly ADD node_modules/source-map-js
1023 silly ADD node_modules/nanoid
1024 silly ADD node_modules/streamsearch
1025 silly ADD node_modules/tslib
1026 silly ADD node_modules/@swc/counter
1027 silly ADD node_modules/styled-jsx
1028 silly ADD node_modules/graceful-fs
1029 silly ADD node_modules/busboy
1030 silly ADD node_modules/@swc/helpers
1031 silly ADD
1032 silly ADD
1033 silly ADD
1034 silly ADD
1035 silly ADD node_modules/@next/swc-linux-x64-gnu
1036 silly ADD
1037 silly ADD
1038 silly ADD
1039 silly ADD
1040 silly ADD node_modules/@next/env
1041 silly ADD node_modules/update-browserslist-db
1042 silly ADD node_modules/node-releases
1043 silly ADD node_modules/electron-to-chromium
1044 silly ADD node_modules/baseline-browser-mapping
1045 silly ADD node_modules/postcss-value-parser
1046 silly ADD node_modules/picocolors
1047 silly ADD node_modules/normalize-range
1048 silly ADD node_modules/fraction.js
1049 silly ADD node_modules/caniuse-lite
1050 silly ADD node_modules/browserslist
1051 silly ADD node_modules/csstype
1052 silly ADD node_modules/@types/prop-types
1053 silly ADD node_modules/undici-types
1054 silly ADD node_modules/typescript
1055 silly ADD node_modules/tailwindcss
1056 silly ADD node_modules/tailwindcss/node_modules/postcss-load-config
1057 silly ADD node_modules/tailwindcss/node_modules/postcss-load-config/node_modules/lilconfig
1058 silly ADD node_modules/react-dom
1059 silly ADD node_modules/react
1060 silly ADD node_modules/next
1061 silly ADD node_modules/next/node_modules/postcss
1062 silly ADD node_modules/postcss
1063 silly ADD node_modules/autoprefixer
1064 silly ADD node_modules/@types/react-dom
1065 silly ADD node_modules/@types/react
1066 silly ADD node_modules/@types/node
1067 verbose cwd /home/user
1068 verbose os Linux 6.1.158+
1069 verbose node v20.20.2
1070 verbose npm  v10.8.2
1071 notice
1071 notice New major version of npm available! 10.8.2 -> 12.0.2
1071 notice Changelog: https://github.com/npm/cli/releases/tag/v12.0.2
1071 notice To update run: npm install -g npm@12.0.2
1071 notice  { force: true, [Symbol(proc-log.meta)]: true }
1072 verbose exit 0
1073 info ok
